Date,Ticker,Open,High,Low,Close,Volume,Dividends,Stock,Stock Splits
2024-12-05,ASML.AS,679.8268803292834,691.6013541777334,669.249824020361,677.7314453125,774846,0.0,,0.0
2024-12-06,ASML.AS,673.7401134507201,677.1327255230229,668.8506837336639,676.1348876953125,519724,0.0,,0.0
2024-12-09,ASML.AS,676.0351218894675,682.1219082197437,666.8550017805894,673.54052734375,588633,0.0,,0.0
2024-12-10,ASML.AS,671.1457229142003,681.1241015534432,667.4537715402324,668.8507080078125,608574,0.0,,0.0
2024-12-11,ASML.AS,670.547008004037,680.6251455190135,669.3495904519639,676.8333740234375,515977,0.0,,0.0
2024-12-12,ASML.AS,677.7314600966035,684.6165045185018,672.742270992393,681.8225708007812,526406,0.0,,0.0
2024-12-13,ASML.AS,680.5253860360405,689.6056857406426,680.2260468738467,686.2130737304688,761756,0.0,,0.0
2024-12-16,ASML.AS,682.0221807790357,689.8053039459859,678.7293280049249,686.512451171875,732844,0.0,,0.0
2024-12-17,ASML.AS,682.5210722264364,712.3564475519958,682.5210722264364,701.879150390625,1079398,0.0,,0.0
2024-12-18,ASML.AS,704.6731085929569,720.4389345931667,700.881336907315,715.7490844726562,844527,0.0,,0.0
2024-12-19,ASML.AS,696.3910819862224,699.2847753011818,683.9181084652139,689.306396484375,962825,0.0,,0.0
2024-12-20,ASML.AS,682.3215012671131,685.4148351060253,667.7530931973602,684.6165161132812,1459747,0.0,,0.0
2024-12-23,ASML.AS,678.9289209379253,688.2088010826293,676.8334248386753,682.321533203125,527957,0.0,,0.0
2024-12-24,ASML.AS,688.6078687210878,689.3063673894195,684.2174187689241,687.0113525390625,116531,0.0,,0.0
2024-12-27,ASML.AS,679.6273567805808,694.0960060634424,678.5297594721229,683.419189453125,532668,0.0,,0.0
2024-12-30,ASML.AS,683.419157478592,683.5189169008058,667.0545926250929,670.447265625,433466,0.0,,0.0
2024-12-31,ASML.AS,666.9548265294035,677.831222278982,666.9548265294035,677.2325439453125,166093,0.0,,0.0
2025-01-02,ASML.AS,673.5405499002209,689.60571495138,669.2498593185313,688.5081176757812,446335,0.0,,0.0
2025-01-03,ASML.AS,688.5081269020258,689.9051242744074,676.0351535885833,686.512451171875,442214,0.0,,0.0
2025-01-06,ASML.AS,702.2782416327336,746.3826852122784,700.0829862602955,746.18310546875,1120484,0.0,,0.0
2025-01-07,ASML.AS,745.2850882225285,750.2742772964425,728.8207642786128,736.803466796875,836999,0.0,,0.0
2025-01-08,ASML.AS,737.3024170102261,742.7905252245572,716.6471611865604,722.7339477539062,569713,0.0,,0.0
2025-01-09,ASML.AS,715.8489076732718,732.313232421875,711.5581561374476,732.313232421875,385785,0.0,,0.0
2025-01-10,ASML.AS,728.6211801123129,732.7122907668146,716.3477872456212,723.7317504882812,607599,0.0,,0.0
2025-01-13,ASML.AS,713.1547020911615,714.6514588210703,697.6882158821044,709.9616088867188,589104,0.0,,0.0
2025-01-14,ASML.AS,712.9551535911529,725.2285471336376,705.5711290387299,711.1590576171875,711884,0.0,,0.0
2025-01-15,ASML.AS,704.9724506818047,719.9400186368324,703.9746128181363,711.1590576171875,855094,0.0,,0.0
2025-01-16,ASML.AS,738.3999815273265,745.7840057038745,727.5235250057168,743.788330078125,968229,0.0,,0.0
2025-01-17,ASML.AS,733.0116826626969,747.6799116868586,729.2199108973902,737.501953125,942715,0.0,,0.0
2025-01-20,ASML.AS,741.0941621567456,746.8816093404025,733.4107987510966,746.3826904296875,434335,0.0,,0.0
2025-01-21,ASML.AS,745.0855363904434,748.1788093708717,725.9270374482838,730.8164672851562,612520,0.0,,0.0
2025-01-22,ASML.AS,736.7036840077037,751.2721533876914,732.4129933661693,746.4824829101562,712118,0.0,,0.0
2025-01-23,ASML.AS,726.4259711292528,732.8121578740829,705.7707149893076,713.75341796875,976826,0.0,,0.0
2025-01-24,ASML.AS,710.7598923215999,721.8359290600246,697.0895015200429,699.1849975585938,815267,0.0,,0.0
2025-01-27,ASML.AS,645.6010714499148,656.3777077571584,617.1626934957841,650.1911010742188,2074064,0.0,,0.0
2025-01-28,ASML.AS,658.273616164215,658.3733755840505,637.1194423882285,645.201904296875,1246359,0.0,,0.0
2025-01-29,ASML.AS,713.454084123884,720.5387087098518,679.4278367807905,681.0243530273438,1619804,0.0,,0.0
2025-01-30,ASML.AS,693.7966216014357,714.950795490947,686.6121771423129,705.1719970703125,1215506,0.0,,0.0
2025-01-31,ASML.AS,711.4583512974763,728.2220141544234,710.7598526569398,721.1373901367188,938233,0.0,,0.0
2025-02-03,ASML.AS,693.4973040155955,710.1612082495577,690.1046309728048,708.3651123046875,1009983,0.0,,0.0
2025-02-04,ASML.AS,711.2587787578527,715.5494691600373,701.1806412385455,710.8596801757812,673080,0.0,,0.0
2025-02-05,ASML.AS,700.8813517865054,707.5668168648483,692.1003297135228,704.5733032226562,589980,0.0,,0.0
2025-02-06,ASML.AS,708.4648894255075,713.75341796875,703.8748595736043,713.75341796875,730446,0.0,,0.0
2025-02-07,ASML.AS,712.7555355417355,714.7512111618458,699.5840642683706,701.47998046875,676631,0.0,,0.0
2025-02-10,ASML.AS,708.4000244140625,719.2999877929688,706.2999877929688,717.0,705973,1.52,,0.0
2025-02-11,ASML.AS,716.2000122070312,726.7000122070312,715.5999755859375,723.5999755859375,560372,0.0,,0.0
2025-02-12,ASML.AS,724.0999755859375,725.7999877929688,707.5999755859375,718.4000244140625,699310,0.0,,0.0
2025-02-13,ASML.AS,728.0,738.5,718.9000244140625,737.9000244140625,775991,0.0,,0.0
2025-02-14,ASML.AS,740.2000122070312,744.9000244140625,729.2999877929688,732.2000122070312,759158,0.0,,0.0
2025-02-17,ASML.AS,726.0,730.2999877929688,718.5999755859375,727.7999877929688,445320,0.0,,0.0
2025-02-18,ASML.AS,727.9000244140625,730.7000122070312,714.7999877929688,716.2000122070312,678430,0.0,,0.0
2025-02-19,ASML.AS,713.5,721.0,709.9000244140625,717.5,683919,0.0,,0.0
2025-02-20,ASML.AS,709.5999755859375,723.2000122070312,707.5,709.9000244140625,665740,0.0,,0.0
2025-02-21,ASML.AS,710.7000122070312,718.2000122070312,702.7999877929688,710.0999755859375,748403,0.0,,0.0
2025-02-24,ASML.AS,709.7000122070312,715.7000122070312,702.4000244140625,713.5,569212,0.0,,0.0
2025-02-25,ASML.AS,696.0,705.0999755859375,688.0999755859375,697.7999877929688,896194,0.0,,0.0
2025-02-26,ASML.AS,701.9000244140625,715.9000244140625,698.4000244140625,714.5,667549,0.0,,0.0
2025-02-27,ASML.AS,709.0999755859375,715.0999755859375,697.2999877929688,699.0999755859375,768323,0.0,,0.0
2025-02-28,ASML.AS,675.0,686.5,670.0,678.5999755859375,1972948,0.0,,0.0
2025-03-03,ASML.AS,679.0,698.2999877929688,676.4000244140625,690.2999877929688,882978,0.0,,0.0
2025-03-04,ASML.AS,673.0,680.0,657.7000122070312,660.5,1074324,0.0,,0.0
2025-03-05,ASML.AS,673.7000122070312,683.5999755859375,672.7000122070312,672.7000122070312,915005,0.0,,0.0
2025-03-06,ASML.AS,677.9000244140625,680.7999877929688,658.0999755859375,670.0,755847,0.0,,0.0
2025-03-07,ASML.AS,670.7999877929688,677.2000122070312,662.7999877929688,666.0,746863,0.0,,0.0
2025-03-10,ASML.AS,670.0999755859375,673.0,628.5999755859375,639.0,1198808,0.0,,0.0
2025-03-11,ASML.AS,641.7000122070312,649.5,624.2000122070312,632.0,1041466,0.0,,0.0
2025-03-12,ASML.AS,639.7999877929688,654.0999755859375,634.0,645.5,806867,0.0,,0.0
2025-03-13,ASML.AS,639.5,651.7999877929688,638.2000122070312,642.4000244140625,763405,0.0,,0.0
2025-03-14,ASML.AS,644.9000244140625,660.4000244140625,644.2000122070312,655.7000122070312,630478,0.0,,0.0
2025-03-17,ASML.AS,652.5,665.7999877929688,650.0,661.2999877929688,616812,0.0,,0.0
2025-03-18,ASML.AS,665.0,674.9000244140625,659.7999877929688,665.9000244140625,631607,0.0,,0.0
2025-03-19,ASML.AS,666.0999755859375,675.5,661.2999877929688,673.0999755859375,642781,0.0,,0.0
2025-03-20,ASML.AS,676.0,686.7999877929688,669.2000122070312,672.5,749026,0.0,,0.0
2025-03-21,ASML.AS,666.5999755859375,670.9000244140625,656.0999755859375,660.7000122070312,1709687,0.0,,0.0
2024-12-05,SAP.DE,241.25,242.5,239.75,241.35000610351562,1744989,0.0,,0.0
2024-12-06,SAP.DE,240.64999389648438,242.10000610351562,238.89999389648438,242.0,1154210,0.0,,0.0
2024-12-09,SAP.DE,240.5,241.85000610351562,238.60000610351562,240.5,1492120,0.0,,0.0
2024-12-10,SAP.DE,240.5,240.5,240.5,240.5,0,0.0,,0.0
2024-12-11,SAP.DE,239.5,240.0,233.89999389648438,238.60000610351562,2172229,0.0,,0.0
2024-12-12,SAP.DE,238.0,242.10000610351562,237.85000610351562,241.5,1375884,0.0,,0.0
2024-12-13,SAP.DE,241.4499969482422,243.39999389648438,239.6999969482422,241.0500030517578,1450121,0.0,,0.0
2024-12-16,SAP.DE,239.5,241.8000030517578,237.25,240.64999389648438,1275144,0.0,,0.0
2024-12-17,SAP.DE,239.25,241.0500030517578,238.39999389648438,239.0500030517578,1365340,0.0,,0.0
2024-12-18,SAP.DE,238.9499969482422,241.5,238.75,240.3000030517578,1260084,0.0,,0.0
2024-12-19,SAP.DE,238.89999389648438,239.25,235.85000610351562,237.0500030517578,2125530,0.0,,0.0
2024-12-20,SAP.DE,235.0,238.6999969482422,232.25,236.75,5083929,0.0,,0.0
2024-12-23,SAP.DE,236.1999969482422,237.60000610351562,234.9499969482422,236.35000610351562,1010585,0.0,,0.0
2024-12-27,SAP.DE,241.39999389648438,241.39999389648438,237.9499969482422,239.5,1478656,0.0,,0.0
2024-12-30,SAP.DE,238.5500030517578,238.5500030517578,235.75,236.3000030517578,723232,0.0,,0.0
2025-01-02,SAP.DE,236.3000030517578,238.9499969482422,235.10000610351562,238.5500030517578,1327871,0.0,,0.0
2025-01-03,SAP.DE,237.0,237.64999389648438,234.35000610351562,234.85000610351562,934542,0.0,,0.0
2025-01-06,SAP.DE,235.14999389648438,239.25,234.35000610351562,239.25,1532023,0.0,,0.0
2025-01-07,SAP.DE,239.3000030517578,244.4499969482422,239.25,243.3000030517578,1698060,0.0,,0.0
2025-01-08,SAP.DE,242.64999389648438,248.60000610351562,242.64999389648438,244.75,1333654,0.0,,0.0
2025-01-09,SAP.DE,244.75,246.4499969482422,244.0500030517578,245.14999389648438,641680,0.0,,0.0
2025-01-10,SAP.DE,244.14999389648438,247.60000610351562,244.0500030517578,245.85000610351562,1377087,0.0,,0.0
2025-01-13,SAP.DE,244.10000610351562,245.89999389648438,242.10000610351562,243.89999389648438,1209566,0.0,,0.0
2025-01-14,SAP.DE,244.3000030517578,248.6999969482422,243.6999969482422,247.39999389648438,1156901,0.0,,0.0
2025-01-15,SAP.DE,248.3000030517578,254.3000030517578,246.0,253.60000610351562,1857979,0.0,,0.0
2025-01-16,SAP.DE,254.6999969482422,256.1499938964844,253.3000030517578,255.0500030517578,1248145,0.0,,0.0
2025-01-17,SAP.DE,254.5,256.8500061035156,253.5,256.8500061035156,1876721,0.0,,0.0
2025-01-20,SAP.DE,256.0,256.70001220703125,254.9499969482422,256.0,943928,0.0,,0.0
2025-01-21,SAP.DE,256.0,256.0,256.0,256.0,0,0.0,,0.0
2025-01-22,SAP.DE,259.0,264.1000061035156,258.3999938964844,262.29998779296875,1458993,0.0,,0.0
2025-01-23,SAP.DE,259.79998779296875,263.1499938964844,259.54998779296875,262.3999938964844,1623949,0.0,,0.0
2025-01-24,SAP.DE,262.3999938964844,262.3999938964844,262.3999938964844,262.3999938964844,0,0.0,,0.0
2025-01-27,SAP.DE,260.0,263.1000061035156,256.45001220703125,261.3999938964844,1964517,0.0,,0.0
2025-01-28,SAP.DE,269.0,269.6000061035156,256.95001220703125,262.6000061035156,2447899,0.0,,0.0
2025-01-29,SAP.DE,263.6000061035156,269.3500061035156,260.79998779296875,267.20001220703125,1639089,0.0,,0.0
2025-01-30,SAP.DE,268.54998779296875,269.0,264.3999938964844,268.04998779296875,1245165,0.0,,0.0
2025-01-31,SAP.DE,268.5,269.8500061035156,267.6000061035156,268.5,1625440,0.0,,0.0
2025-02-03,SAP.DE,261.3999938964844,265.8500061035156,260.6000061035156,263.1499938964844,2065204,0.0,,0.0
2025-02-04,SAP.DE,263.1499938964844,267.5,262.5,267.29998779296875,1081908,0.0,,0.0
2025-02-05,SAP.DE,266.25,271.1000061035156,265.75,270.79998779296875,957952,0.0,,0.0
2025-02-06,SAP.DE,272.3500061035156,273.75,269.75,273.6499938964844,1271242,0.0,,0.0
2025-02-07,SAP.DE,273.45001220703125,274.45001220703125,270.5,271.0,1240718,0.0,,0.0
2025-02-10,SAP.DE,271.0,271.0,271.0,271.0,0,0.0,,0.0
2025-02-11,SAP.DE,272.29998779296875,278.3500061035156,272.04998779296875,278.3500061035156,1661414,0.0,,0.0
2025-02-12,SAP.DE,279.5,280.6499938964844,276.20001220703125,279.1499938964844,1571018,0.0,,0.0
2025-02-13,SAP.DE,277.79998779296875,281.3500061035156,276.29998779296875,280.29998779296875,1604414,0.0,,0.0
2025-02-14,SAP.DE,279.5,280.70001220703125,276.04998779296875,276.95001220703125,1531310,0.0,,0.0
2025-02-17,SAP.DE,276.95001220703125,280.20001220703125,275.95001220703125,280.1000061035156,694626,0.0,,0.0
2025-02-18,SAP.DE,279.45001220703125,280.95001220703125,277.3500061035156,278.3500061035156,1004027,0.0,,0.0
2025-02-19,SAP.DE,283.25,283.5,275.3500061035156,276.29998779296875,1348986,0.0,,0.0
2025-02-20,SAP.DE,277.0,278.29998779296875,274.29998779296875,274.95001220703125,1100167,0.0,,0.0
2025-02-21,SAP.DE,273.70001220703125,276.5,273.20001220703125,273.6000061035156,1741545,0.0,,0.0
2025-02-24,SAP.DE,273.95001220703125,275.8500061035156,270.8999938964844,274.29998779296875,1391375,0.0,,0.0
2025-02-25,SAP.DE,271.6000061035156,274.6499938964844,269.8999938964844,272.3999938964844,1531017,0.0,,0.0
2025-02-26,SAP.DE,274.04998779296875,275.6000061035156,272.8500061035156,275.20001220703125,1318253,0.0,,0.0
2025-02-27,SAP.DE,269.95001220703125,273.95001220703125,266.6499938964844,267.5,1909796,0.0,,0.0
2025-02-28,SAP.DE,265.1499938964844,267.1499938964844,262.25,265.29998779296875,2933951,0.0,,0.0
2025-03-03,SAP.DE,263.95001220703125,274.6000061035156,262.8999938964844,271.54998779296875,1926257,0.0,,0.0
2025-03-04,SAP.DE,266.95001220703125,269.45001220703125,258.95001220703125,258.95001220703125,2328384,0.0,,0.0
2025-03-05,SAP.DE,264.45001220703125,267.5,262.79998779296875,264.70001220703125,1803420,0.0,,0.0
2025-03-06,SAP.DE,265.1499938964844,266.79998779296875,256.75,261.3500061035156,2280232,0.0,,0.0
2025-03-07,SAP.DE,255.5500030517578,259.45001220703125,253.75,254.35000610351562,2248943,0.0,,0.0
2025-03-10,SAP.DE,254.25,254.9499969482422,240.1999969482422,242.1999969482422,3105826,0.0,,0.0
2025-03-11,SAP.DE,241.8000030517578,242.4499969482422,237.9499969482422,238.64999389648438,2824964,0.0,,0.0
2025-03-12,SAP.DE,238.64999389648438,243.3000030517578,236.6999969482422,242.5500030517578,2400746,0.0,,0.0
2025-03-13,SAP.DE,240.75,244.14999389648438,234.9499969482422,236.89999389648438,2178182,0.0,,0.0
2025-03-14,SAP.DE,236.5500030517578,242.9499969482422,234.89999389648438,242.60000610351562,1755926,0.0,,0.0
2025-03-17,SAP.DE,242.60000610351562,242.60000610351562,242.60000610351562,242.60000610351562,0,0.0,,0.0
2025-03-18,SAP.DE,248.39999389648438,249.8000030517578,243.6999969482422,246.6999969482422,1960463,0.0,,0.0
2025-03-19,SAP.DE,246.75,249.10000610351562,244.5,248.35000610351562,1528343,0.0,,0.0
2025-03-20,SAP.DE,250.60000610351562,252.39999389648438,246.9499969482422,250.14999389648438,2172782,0.0,,0.0
2025-03-21,SAP.DE,249.0500030517578,251.9499969482422,247.35000610351562,251.9499969482422,6042210,0.0,,0.0
2024-12-05,SIE.DE,187.5322884581757,189.07616800159337,187.14143929449978,188.64622497558594,1043254,0.0,,0.0
2024-12-06,SIE.DE,188.09902879420983,189.87742676867163,187.68863270239706,189.27159118652344,873099,0.0,,0.0
2024-12-09,SIE.DE,191.0695250866018,191.18679176518734,188.97845072276348,189.7015380859375,1370113,0.0,,0.0
2024-12-10,SIE.DE,189.7015380859375,189.7015380859375,189.7015380859375,189.7015380859375,0,0.0,,0.0
2024-12-11,SIE.DE,188.97844550777694,192.2030032460047,188.7243950460757,191.04998779296875,1300207,0.0,,0.0
2024-12-12,SIE.DE,191.2258590137485,191.8121476409712,188.8807343247361,189.56472778320312,985700,0.0,,0.0
2024-12-13,SIE.DE,189.36931038064273,190.19010256187985,185.91023418695247,187.004638671875,1054754,0.0,,0.0
2024-12-16,SIE.DE,187.0828085588321,188.0599463526191,185.4607562427602,185.9688720703125,918390,0.0,,0.0
2024-12-17,SIE.DE,185.34349796870916,189.66246033373434,185.2262461993214,188.50942993164062,1124718,0.0,,0.0
2024-12-18,SIE.DE,187.88406133125235,191.71443984731368,187.23914678310456,190.26828002929688,1342816,0.0,,0.0
2024-12-19,SIE.DE,186.67240511762597,188.60714876276208,185.10899353027344,185.10899353027344,1145774,0.0,,0.0
2024-12-20,SIE.DE,183.44785152486008,185.28486040589308,182.21664838412795,184.93309020996094,2404040,0.0,,0.0
2024-12-23,SIE.DE,184.8353926819563,185.83206251819763,183.89733381909056,184.6595001220703,788599,0.0,,0.0
2024-12-27,SIE.DE,183.50648403976325,185.34349298720556,183.1937927832132,185.2653350830078,684363,0.0,,0.0
2024-12-30,SIE.DE,185.2653350830078,185.2653350830078,185.2653350830078,185.2653350830078,0,0.0,,0.0
2025-01-02,SIE.DE,184.15139555235734,185.65618119747933,182.4902493715862,184.79629516601562,970926,0.0,,0.0
2025-01-03,SIE.DE,184.2686471554241,184.7181221915217,181.9430544323311,182.50979614257812,723321,0.0,,0.0
2025-01-06,SIE.DE,183.3892183269237,189.60381543907312,182.9983691641228,188.665771484375,1183373,0.0,,0.0
2025-01-07,SIE.DE,188.9979978650128,190.26828002986952,188.02086003203684,189.11524963378906,1224827,0.0,,0.0
2025-01-08,SIE.DE,189.11524963378906,189.11524963378906,189.11524963378906,189.11524963378906,0,0.0,,0.0
2025-01-09,SIE.DE,190.34644984965982,192.41797725178228,189.193419471728,192.1053009033203,809579,0.0,,0.0
2025-01-10,SIE.DE,191.51900562590376,192.5938631520657,189.4670103159362,190.0532989501953,902257,0.0,,0.0
2025-01-13,SIE.DE,188.95891299917378,189.54518673464963,186.55514744489784,188.7634735107422,1055037,0.0,,0.0
2025-01-14,SIE.DE,190.1510176060789,191.47992558085912,189.36930440151303,189.52565002441406,770065,0.0,,0.0
2025-01-15,SIE.DE,189.5061066704171,192.69157051996032,188.52896887375408,191.10861206054688,1225824,0.0,,0.0
2025-01-16,SIE.DE,192.65248721912803,192.67201923946388,189.64290108415784,190.69821166992188,1227857,0.0,,0.0
2025-01-17,SIE.DE,192.3007218657967,196.30697789657899,192.1443762395382,196.2581329345703,2011909,0.0,,0.0
2025-01-20,SIE.DE,196.40470338177255,198.16355445374657,196.25813867158305,197.18641662597656,970799,0.0,,0.0
2025-01-21,SIE.DE,197.18641662597656,197.18641662597656,197.18641662597656,197.18641662597656,0,0.0,,0.0
2025-01-22,SIE.DE,200.55753712751135,203.48895058126303,200.4109724187997,202.41409301757812,1244744,0.0,,0.0
2025-01-23,SIE.DE,203.29352382271946,204.61265091681807,202.31638601526583,204.2218017578125,1072433,0.0,,0.0
2025-01-24,SIE.DE,204.2218017578125,204.2218017578125,204.2218017578125,204.2218017578125,0,0.0,,0.0
2025-01-27,SIE.DE,196.60012290681382,198.40783380565193,192.75019757886824,196.79554748535156,1966039,0.0,,0.0
2025-01-28,SIE.DE,197.03983674731515,197.28412120393713,193.29741199261355,195.47642517089844,1195988,0.0,,0.0
2025-01-29,SIE.DE,197.18640696987808,199.58039154869465,196.74669795090185,198.7009735107422,1051615,0.0,,0.0
2025-01-30,SIE.DE,200.16667894539364,203.0003725256997,199.23838613224655,200.45980834960938,900923,0.0,,0.0
2025-01-31,SIE.DE,201.29038281430036,202.9515140594208,199.8735360143429,202.7072296142578,1153092,0.0,,0.0
2025-02-03,SIE.DE,196.64898013760242,198.1635466933209,195.0367087488972,197.47955322265625,1495283,0.0,,0.0
2025-02-04,SIE.DE,197.52840468710448,199.0429712926847,195.42756433448474,197.2352752685547,836891,0.0,,0.0
2025-02-05,SIE.DE,195.4275645380435,196.64898681640625,194.64585129790333,196.64898681640625,1007329,0.0,,0.0
2025-02-06,SIE.DE,198.26124955454625,203.73322708532197,197.08868720079124,203.29351806640625,1652373,0.0,,0.0
2025-02-07,SIE.DE,203.44008294974677,204.46608060141918,201.68123196258543,202.7072296142578,1248073,0.0,,0.0
2025-02-10,SIE.DE,202.7072296142578,202.7072296142578,202.7072296142578,202.7072296142578,0,0.0,,0.0
2025-02-11,SIE.DE,205.93179203938516,209.98690795898438,205.44322313774958,209.98690795898438,1872641,0.0,,0.0
2025-02-12,SIE.DE,208.57005909080831,209.59605675621825,205.15007681273482,207.2020721435547,1994142,0.0,,0.0
2025-02-13,SIE.DE,221.76141585195353,222.8851332432091,215.89858918086452,222.24998474121094,3411480,0.0,,0.0
2025-02-14,SIE.DE,227.14999389648438,227.14999389648438,222.5,225.1999969482422,2638501,5.2,,0.0
2025-02-17,SIE.DE,224.1999969482422,227.0,224.1999969482422,227.0,1113198,0.0,,0.0
2025-02-18,SIE.DE,227.0,227.89999389648438,225.14999389648438,226.1999969482422,1196666,0.0,,0.0
2025-02-19,SIE.DE,225.85000610351562,228.3000030517578,220.35000610351562,220.35000610351562,1493623,0.0,,0.0
2025-02-20,SIE.DE,222.1999969482422,224.10000610351562,220.6999969482422,221.25,999655,0.0,,0.0
2025-02-21,SIE.DE,222.14999389648438,223.4499969482422,220.39999389648438,221.4499969482422,1174940,0.0,,0.0
2025-02-24,SIE.DE,225.5,225.5,216.6999969482422,218.10000610351562,1278282,0.0,,0.0
2025-02-25,SIE.DE,215.5,218.5,215.10000610351562,216.60000610351562,1200879,0.0,,0.0
2025-02-26,SIE.DE,221.0,224.39999389648438,220.25,223.4499969482422,1369236,0.0,,0.0
2025-02-27,SIE.DE,221.64999389648438,222.39999389648438,218.0500030517578,220.60000610351562,1245449,0.0,,0.0
2025-02-28,SIE.DE,217.64999389648438,221.25,217.3000030517578,221.1999969482422,2048211,0.0,,0.0
2025-03-03,SIE.DE,221.5,227.9499969482422,219.39999389648438,225.9499969482422,1960916,0.0,,0.0
2025-03-04,SIE.DE,219.6999969482422,220.75,213.14999389648438,213.3000030517578,1853495,0.0,,0.0
2025-03-05,SIE.DE,230.0,232.6999969482422,223.10000610351562,231.5500030517578,2532410,0.0,,0.0
2025-03-06,SIE.DE,233.85000610351562,244.85000610351562,232.5,243.0,3244035,0.0,,0.0
2025-03-07,SIE.DE,238.5500030517578,240.85000610351562,232.5500030517578,234.3000030517578,2291166,0.0,,0.0
2025-03-10,SIE.DE,235.14999389648438,236.3000030517578,222.5500030517578,228.39999389648438,2253919,0.0,,0.0
2025-03-11,SIE.DE,231.89999389648438,232.25,223.1999969482422,223.1999969482422,2165962,0.0,,0.0
2025-03-12,SIE.DE,227.3000030517578,231.5,226.14999389648438,226.85000610351562,1997301,0.0,,0.0
2025-03-13,SIE.DE,226.1999969482422,227.9499969482422,223.39999389648438,226.5,1710590,0.0,,0.0
2025-03-14,SIE.DE,224.8000030517578,233.5500030517578,224.1999969482422,231.75,2021093,0.0,,0.0
2025-03-17,SIE.DE,232.3000030517578,234.3000030517578,229.6999969482422,234.3000030517578,1563276,0.0,,0.0
2025-03-18,SIE.DE,236.5500030517578,241.89999389648438,235.5,237.0,1599468,0.0,,0.0
2025-03-19,SIE.DE,231.0,240.6999969482422,230.35000610351562,236.6999969482422,1519743,0.0,,0.0
2025-03-20,SIE.DE,236.25,239.60000610351562,233.8000030517578,234.4499969482422,1464122,0.0,,0.0
2025-03-21,SIE.DE,232.25,233.3000030517578,227.14999389648438,228.85000610351562,3634428,0.0,,0.0
2024-12-05,CS.PA,32.83000183105469,33.65999984741211,32.75,33.650001525878906,5932880,0.0,,0.0
2024-12-06,CS.PA,33.560001373291016,34.2599983215332,33.47999954223633,34.0,5287313,0.0,,0.0
2024-12-09,CS.PA,34.02000045776367,34.209999084472656,33.959999084472656,34.06999969482422,3658094,0.0,,0.0
2024-12-10,CS.PA,34.04999923706055,34.220001220703125,33.70000076293945,33.70000076293945,4791301,0.0,,0.0
2024-12-11,CS.PA,33.5099983215332,33.900001525878906,33.4900016784668,33.66999816894531,3225022,0.0,,0.0
2024-12-12,CS.PA,33.68000030517578,33.77000045776367,33.4900016784668,33.560001373291016,2852315,0.0,,0.0
2024-12-13,CS.PA,33.61000061035156,34.13999938964844,33.540000915527344,34.099998474121094,3877128,0.0,,0.0
2024-12-16,CS.PA,33.939998626708984,34.06999969482422,33.689998626708984,33.959999084472656,3138508,0.0,,0.0
2024-12-17,CS.PA,33.79999923706055,33.95000076293945,33.529998779296875,33.7400016784668,3511299,0.0,,0.0
2024-12-18,CS.PA,33.86000061035156,34.02000045776367,33.59000015258789,33.79999923706055,3890176,0.0,,0.0
2024-12-19,CS.PA,33.58000183105469,33.779998779296875,33.45000076293945,33.779998779296875,3637888,0.0,,0.0
2024-12-20,CS.PA,33.459999084472656,33.560001373291016,33.0099983215332,33.5099983215332,10458294,0.0,,0.0
2024-12-23,CS.PA,33.45000076293945,33.709999084472656,33.36000061035156,33.63999938964844,2214974,0.0,,0.0
2024-12-24,CS.PA,33.7599983215332,33.84000015258789,33.56999969482422,33.56999969482422,912264,0.0,,0.0
2024-12-27,CS.PA,33.58000183105469,34.08000183105469,33.54999923706055,34.08000183105469,2335781,0.0,,0.0
2024-12-30,CS.PA,33.90999984741211,34.400001525878906,33.900001525878906,34.119998931884766,2086778,0.0,,0.0
2024-12-31,CS.PA,34.0099983215332,34.36000061035156,33.95000076293945,34.31999969482422,859533,0.0,,0.0
2025-01-02,CS.PA,34.349998474121094,34.619998931884766,33.939998626708984,34.41999816894531,2418364,0.0,,0.0
2025-01-03,CS.PA,34.41999816894531,34.47999954223633,33.88999938964844,34.06999969482422,3257406,0.0,,0.0
2025-01-06,CS.PA,34.2400016784668,34.56999969482422,33.869998931884766,34.45000076293945,3544197,0.0,,0.0
2025-01-07,CS.PA,34.380001068115234,35.02000045776367,33.90999984741211,34.7599983215332,3854753,0.0,,0.0
2025-01-08,CS.PA,34.70000076293945,35.029998779296875,34.31999969482422,34.849998474121094,3226710,0.0,,0.0
2025-01-09,CS.PA,34.63999938964844,34.72999954223633,34.290000915527344,34.40999984741211,2771033,0.0,,0.0
2025-01-10,CS.PA,34.2400016784668,34.54999923706055,33.779998779296875,33.84000015258789,3872889,0.0,,0.0
2025-01-13,CS.PA,33.619998931884766,33.689998626708984,33.16999816894531,33.47999954223633,3211352,0.0,,0.0
2025-01-14,CS.PA,33.79999923706055,33.95000076293945,33.560001373291016,33.65999984741211,3407363,0.0,,0.0
2025-01-15,CS.PA,33.939998626708984,34.5,33.869998931884766,34.400001525878906,5182708,0.0,,0.0
2025-01-16,CS.PA,34.349998474121094,35.099998474121094,34.119998931884766,35.08000183105469,4383239,0.0,,0.0
2025-01-17,CS.PA,35.2599983215332,35.540000915527344,35.18000030517578,35.36000061035156,4440865,0.0,,0.0
2025-01-20,CS.PA,35.29999923706055,35.52000045776367,35.2599983215332,35.34000015258789,3307881,0.0,,0.0
2025-01-21,CS.PA,35.29999923706055,35.52000045776367,35.130001068115234,35.25,3842600,0.0,,0.0
2025-01-22,CS.PA,35.220001220703125,35.959999084472656,35.220001220703125,35.720001220703125,4876478,0.0,,0.0
2025-01-23,CS.PA,35.869998931884766,36.209999084472656,35.75,36.119998931884766,4237231,0.0,,0.0
2025-01-24,CS.PA,36.099998474121094,36.2599983215332,35.88999938964844,35.900001525878906,4166064,0.0,,0.0
2025-01-27,CS.PA,35.97999954223633,36.619998931884766,35.939998626708984,36.349998474121094,6305974,0.0,,0.0
2025-01-28,CS.PA,36.22999954223633,36.810001373291016,36.119998931884766,36.66999816894531,3367446,0.0,,0.0
2025-01-29,CS.PA,36.599998474121094,36.779998779296875,36.31999969482422,36.47999954223633,2984217,0.0,,0.0
2025-01-30,CS.PA,36.56999969482422,36.81999969482422,36.41999816894531,36.689998626708984,3906503,0.0,,0.0
2025-01-31,CS.PA,36.720001220703125,37.0,36.58000183105469,36.650001525878906,5133800,0.0,,0.0
2025-02-03,CS.PA,36.04999923706055,36.459999084472656,36.0099983215332,36.369998931884766,3718862,0.0,,0.0
2025-02-04,CS.PA,36.5,37.13999938964844,36.369998931884766,37.060001373291016,4142009,0.0,,0.0
2025-02-05,CS.PA,36.90999984741211,37.0099983215332,36.720001220703125,36.95000076293945,3109910,0.0,,0.0
2025-02-06,CS.PA,37.11000061035156,37.54999923706055,37.040000915527344,37.380001068115234,6542340,0.0,,0.0
2025-02-07,CS.PA,37.58000183105469,37.709999084472656,37.4900016784668,37.560001373291016,2798102,0.0,,0.0
2025-02-10,CS.PA,37.619998931884766,37.79999923706055,37.52000045776367,37.7400016784668,2707777,0.0,,0.0
2025-02-11,CS.PA,37.7599983215332,38.09000015258789,37.65999984741211,38.0,2736795,0.0,,0.0
2025-02-12,CS.PA,38.040000915527344,38.2400016784668,38.0,38.029998779296875,4011717,0.0,,0.0
2025-02-13,CS.PA,38.13999938964844,38.279998779296875,38.0,38.0,3249416,0.0,,0.0
2025-02-14,CS.PA,37.84000015258789,37.91999816894531,37.31999969482422,37.529998779296875,3995750,0.0,,0.0
2025-02-17,CS.PA,37.560001373291016,37.81999969482422,37.470001220703125,37.59000015258789,2991112,0.0,,0.0
2025-02-18,CS.PA,37.630001068115234,37.68000030517578,37.369998931884766,37.529998779296875,3410732,0.0,,0.0
2025-02-19,CS.PA,37.5099983215332,37.650001525878906,36.63999938964844,36.77000045776367,3883044,0.0,,0.0
2025-02-20,CS.PA,36.810001373291016,37.11000061035156,36.7400016784668,36.84000015258789,2796404,0.0,,0.0
2025-02-21,CS.PA,36.849998474121094,37.099998474121094,36.70000076293945,36.97999954223633,3651642,0.0,,0.0
2025-02-24,CS.PA,37.119998931884766,37.18000030517578,36.90999984741211,37.099998474121094,2972832,0.0,,0.0
2025-02-25,CS.PA,37.0,37.72999954223633,36.959999084472656,37.54999923706055,3398663,0.0,,0.0
2025-02-26,CS.PA,37.72999954223633,38.279998779296875,37.599998474121094,38.2400016784668,4671889,0.0,,0.0
2025-02-27,CS.PA,38.18000030517578,38.209999084472656,37.150001525878906,37.709999084472656,4760493,0.0,,0.0
2025-02-28,CS.PA,37.599998474121094,37.630001068115234,36.91999816894531,37.439998626708984,7159105,0.0,,0.0
2025-03-03,CS.PA,37.63999938964844,38.459999084472656,37.22999954223633,38.150001525878906,5252978,0.0,,0.0
2025-03-04,CS.PA,37.79999923706055,37.9900016784668,37.59000015258789,37.959999084472656,4388013,0.0,,0.0
2025-03-05,CS.PA,38.650001525878906,38.77000045776367,38.31999969482422,38.31999969482422,5453880,0.0,,0.0
2025-03-06,CS.PA,38.52000045776367,38.90999984741211,38.119998931884766,38.650001525878906,5769050,0.0,,0.0
2025-03-07,CS.PA,38.52000045776367,38.95000076293945,38.33000183105469,38.7599983215332,5272716,0.0,,0.0
2025-03-10,CS.PA,39.0,39.04999923706055,38.470001220703125,38.52000045776367,5286789,0.0,,0.0
2025-03-11,CS.PA,38.61000061035156,38.66999816894531,37.59000015258789,38.029998779296875,5543770,0.0,,0.0
2025-03-12,CS.PA,38.45000076293945,39.08000183105469,38.40999984741211,38.81999969482422,4693702,0.0,,0.0
2025-03-13,CS.PA,38.689998626708984,39.02000045776367,38.650001525878906,38.7599983215332,3908405,0.0,,0.0
2025-03-14,CS.PA,38.61000061035156,39.20000076293945,38.529998779296875,38.83000183105469,4332656,0.0,,0.0
2025-03-17,CS.PA,38.56999969482422,39.279998779296875,38.560001373291016,39.2599983215332,4770446,0.0,,0.0
2025-03-18,CS.PA,39.310001373291016,39.939998626708984,39.27000045776367,39.90999984741211,5333231,0.0,,0.0
2025-03-19,CS.PA,39.720001220703125,40.11000061035156,39.709999084472656,39.84000015258789,4943163,0.0,,0.0
2025-03-20,CS.PA,39.81999969482422,39.90999984741211,39.130001068115234,39.63999938964844,2861125,0.0,,0.0
2025-03-21,CS.PA,39.40999984741211,39.63999938964844,39.2400016784668,39.5099983215332,6788197,0.0,,0.0
2024-12-05,DBK.DE,16.649999618530273,17.01799964904785,16.63599967956543,16.965999603271484,6905301,0.0,,0.0
2024-12-06,DBK.DE,17.02199935913086,17.13800048828125,16.804000854492188,16.854000091552734,8839054,0.0,,0.0
2024-12-09,DBK.DE,16.983999252319336,17.091999053955078,16.829999923706055,16.847999572753906,4526820,0.0,,0.0
2024-12-10,DBK.DE,16.847999572753906,16.847999572753906,16.847999572753906,16.847999572753906,0,0.0,,0.0
2024-12-11,DBK.DE,17.079999923706055,17.139999389648438,16.884000778198242,17.006000518798828,4514166,0.0,,0.0
2024-12-12,DBK.DE,17.0,17.1299991607666,16.93400001525879,16.95199966430664,4302076,0.0,,0.0
2024-12-13,DBK.DE,16.959999084472656,17.145999908447266,16.959999084472656,17.06399917602539,4327578,0.0,,0.0
2024-12-16,DBK.DE,17.02199935913086,17.308000564575195,17.020000457763672,17.148000717163086,5391586,0.0,,0.0
2024-12-17,DBK.DE,17.049999237060547,17.1200008392334,16.77400016784668,16.790000915527344,5098946,0.0,,0.0
2024-12-18,DBK.DE,16.79199981689453,17.007999420166016,16.73200035095215,16.91200065612793,3462447,0.0,,0.0
2024-12-19,DBK.DE,16.624000549316406,16.79599952697754,16.492000579833984,16.58799934387207,4425185,0.0,,0.0
2024-12-20,DBK.DE,16.3700008392334,16.3700008392334,15.937999725341797,16.25,13287750,0.0,,0.0
2024-12-23,DBK.DE,16.332000732421875,16.43600082397461,16.20199966430664,16.308000564575195,3905373,0.0,,0.0
2024-12-27,DBK.DE,16.299999237060547,16.549999237060547,16.263999938964844,16.531999588012695,3137104,0.0,,0.0
2024-12-30,DBK.DE,16.450000762939453,16.79599952697754,16.368000030517578,16.639999389648438,3027215,0.0,,0.0
2025-01-02,DBK.DE,16.579999923706055,16.808000564575195,16.29400062561035,16.808000564575195,5677390,0.0,,0.0
2025-01-03,DBK.DE,16.711999893188477,17.06800079345703,16.709999084472656,16.968000411987305,4949672,0.0,,0.0
2025-01-06,DBK.DE,17.059999465942383,17.128000259399414,16.70199966430664,17.02400016784668,4931752,0.0,,0.0
2025-01-07,DBK.DE,16.940000534057617,17.034000396728516,16.538000106811523,16.868000030517578,7807101,0.0,,0.0
2025-01-08,DBK.DE,16.832000732421875,17.149999618530273,16.68400001525879,16.82200050354004,7880915,0.0,,0.0
2025-01-09,DBK.DE,16.760000228881836,17.18400001525879,16.510000228881836,17.13599967956543,7750573,0.0,,0.0
2025-01-10,DBK.DE,17.104000091552734,17.40399932861328,16.90399932861328,17.09600067138672,10679736,0.0,,0.0
2025-01-13,DBK.DE,16.97599983215332,17.077999114990234,16.65399932861328,17.027999877929688,7735639,0.0,,0.0
2025-01-14,DBK.DE,17.17799949645996,17.618000030517578,17.142000198364258,17.597999572753906,9713518,0.0,,0.0
2025-01-15,DBK.DE,17.687999725341797,18.260000228881836,17.687999725341797,18.176000595092773,12069274,0.0,,0.0
2025-01-16,DBK.DE,18.357999801635742,18.437999725341797,18.11400032043457,18.200000762939453,6904309,0.0,,0.0
2025-01-17,DBK.DE,18.29199981689453,18.549999237060547,18.26799964904785,18.516000747680664,7547241,0.0,,0.0
2025-01-20,DBK.DE,18.5939998626709,18.833999633789062,18.5939998626709,18.805999755859375,5610305,0.0,,0.0
2025-01-21,DBK.DE,18.805999755859375,18.805999755859375,18.805999755859375,18.805999755859375,0,0.0,,0.0
2025-01-22,DBK.DE,18.809999465942383,18.97800064086914,18.70599937438965,18.770000457763672,5515517,0.0,,0.0
2025-01-23,DBK.DE,18.808000564575195,19.106000900268555,18.805999755859375,19.049999237060547,6567452,0.0,,0.0
2025-01-24,DBK.DE,19.049999237060547,19.049999237060547,19.049999237060547,19.049999237060547,0,0.0,,0.0
2025-01-27,DBK.DE,18.937999725341797,19.125999450683594,18.77400016784668,18.95599937438965,7392856,0.0,,0.0
2025-01-28,DBK.DE,19.016000747680664,19.3439998626709,18.895999908447266,19.25,7183923,0.0,,0.0
2025-01-29,DBK.DE,19.304000854492188,19.628000259399414,19.242000579833984,19.52400016784668,8946142,0.0,,0.0
2025-01-30,DBK.DE,18.841999053955078,19.0939998626709,18.29599952697754,18.895999908447266,18585028,0.0,,0.0
2025-01-31,DBK.DE,19.058000564575195,19.190000534057617,18.784000396728516,18.940000534057617,9323955,0.0,,0.0
2025-02-03,DBK.DE,18.54599952697754,18.676000595092773,18.104000091552734,18.3439998626709,12034646,0.0,,0.0
2025-02-04,DBK.DE,18.42799949645996,18.513999938964844,18.035999298095703,18.219999313354492,7290498,0.0,,0.0
2025-02-05,DBK.DE,18.200000762939453,18.3439998626709,17.95199966430664,18.073999404907227,9085860,0.0,,0.0
2025-02-06,DBK.DE,18.219999313354492,18.739999771118164,18.086000442504883,18.68199920654297,8180477,0.0,,0.0
2025-02-07,DBK.DE,18.746000289916992,18.780000686645508,18.534000396728516,18.591999053955078,6729310,0.0,,0.0
2025-02-10,DBK.DE,18.591999053955078,18.591999053955078,18.591999053955078,18.591999053955078,0,0.0,,0.0
2025-02-11,DBK.DE,18.510000228881836,18.832000732421875,18.474000930786133,18.79199981689453,5545168,0.0,,0.0
2025-02-12,DBK.DE,18.974000930786133,19.341999053955078,18.895999908447266,19.222000122070312,8869541,0.0,,0.0
2025-02-13,DBK.DE,19.347999572753906,19.398000717163086,19.031999588012695,19.16200065612793,7695256,0.0,,0.0
2025-02-14,DBK.DE,19.11199951171875,19.3439998626709,19.079999923706055,19.246000289916992,6014859,0.0,,0.0
2025-02-17,DBK.DE,19.224000930786133,19.75,19.224000930786133,19.691999435424805,7354144,0.0,,0.0
2025-02-18,DBK.DE,19.76799964904785,20.030000686645508,19.61400032043457,19.969999313354492,9775717,0.0,,0.0
2025-02-19,DBK.DE,20.03499984741211,20.174999237060547,19.486000061035156,19.486000061035156,9590965,0.0,,0.0
2025-02-20,DBK.DE,19.489999771118164,19.756000518798828,19.304000854492188,19.3700008392334,8432832,0.0,,0.0
2025-02-21,DBK.DE,19.43400001525879,19.722000122070312,19.389999389648438,19.642000198364258,8233208,0.0,,0.0
2025-02-24,DBK.DE,19.65999984741211,20.075000762939453,19.510000228881836,19.719999313354492,9673994,0.0,,0.0
2025-02-25,DBK.DE,19.75,20.530000686645508,19.75,20.104999542236328,9760544,0.0,,0.0
2025-02-26,DBK.DE,20.385000228881836,20.899999618530273,20.329999923706055,20.899999618530273,9212705,0.0,,0.0
2025-02-27,DBK.DE,20.5,20.760000228881836,20.225000381469727,20.5,8975452,0.0,,0.0
2025-02-28,DBK.DE,20.5,20.725000381469727,20.184999465942383,20.725000381469727,18310314,0.0,,0.0
2025-03-03,DBK.DE,20.524999618530273,21.1200008392334,20.235000610351562,20.950000762939453,10994826,0.0,,0.0
2025-03-04,DBK.DE,20.579999923706055,20.649999618530273,19.329999923706055,19.357999801635742,17905165,0.0,,0.0
2025-03-05,DBK.DE,20.399999618530273,21.75,20.34000015258789,21.75,0,0.0,,0.0
2025-03-06,DBK.DE,22.204999923706055,23.030000686645508,22.1299991607666,22.46500015258789,18004801,0.0,,0.0
2025-03-07,DBK.DE,22.0,22.30500030517578,21.795000076293945,22.094999313354492,12453962,0.0,,0.0
2025-03-10,DBK.DE,22.5,22.5,20.94499969482422,21.274999618530273,13557246,0.0,,0.0
2025-03-11,DBK.DE,21.450000762939453,21.56999969482422,20.649999618530273,21.010000228881836,9017227,0.0,,0.0
2025-03-12,DBK.DE,21.264999389648438,21.670000076293945,21.209999084472656,21.520000457763672,8764825,0.0,,0.0
2025-03-13,DBK.DE,21.389999389648438,21.690000534057617,20.96500015258789,21.309999465942383,7225191,0.0,,0.0
2025-03-14,DBK.DE,21.135000228881836,22.274999618530273,20.8700008392334,22.05500030517578,11692733,0.0,,0.0
2025-03-17,DBK.DE,21.940000534057617,22.110000610351562,21.7549991607666,21.940000534057617,7534350,0.0,,0.0
2025-03-18,DBK.DE,21.950000762939453,22.875,21.770000457763672,22.875,9572735,0.0,,0.0
2025-03-19,DBK.DE,22.610000610351562,22.850000381469727,22.325000762939453,22.71500015258789,9735309,0.0,,0.0
2025-03-20,DBK.DE,22.719999313354492,22.864999771118164,21.9950008392334,22.2549991607666,9543956,0.0,,0.0
2025-03-21,DBK.DE,22.084999084472656,22.334999084472656,21.834999084472656,22.280000686645508,11807631,0.0,,0.0
2024-12-05,SAN.PA,92.41999816894531,92.48999786376953,91.12000274658203,91.80000305175781,1216378,0.0,,0.0
2024-12-06,SAN.PA,91.4800033569336,92.33000183105469,91.44999694824219,92.18000030517578,1419655,0.0,,0.0
2024-12-09,SAN.PA,92.2699966430664,92.31999969482422,91.44000244140625,91.81999969482422,1250170,0.0,,0.0
2024-12-10,SAN.PA,91.4800033569336,92.37000274658203,91.44000244140625,91.75,1455141,0.0,,0.0
2024-12-11,SAN.PA,91.3499984741211,92.05000305175781,90.95999908447266,91.29000091552734,1246198,0.0,,0.0
2024-12-12,SAN.PA,91.20999908447266,91.33000183105469,90.33999633789062,90.69000244140625,1556573,0.0,,0.0
2024-12-13,SAN.PA,90.41999816894531,90.69000244140625,89.04000091552734,89.16999816894531,2193760,0.0,,0.0
2024-12-16,SAN.PA,89.33999633789062,89.3499984741211,88.51000213623047,88.81999969482422,1803755,0.0,,0.0
2024-12-17,SAN.PA,87.5,91.88999938964844,87.5,91.73999786376953,3389131,0.0,,0.0
2024-12-18,SAN.PA,93.02999877929688,93.29000091552734,91.04000091552734,91.80000305175781,2573317,0.0,,0.0
2024-12-19,SAN.PA,90.9000015258789,91.79000091552734,90.62999725341797,91.5,1860689,0.0,,0.0
2024-12-20,SAN.PA,90.88999938964844,91.62000274658203,89.93000030517578,91.27999877929688,4412378,0.0,,0.0
2024-12-23,SAN.PA,91.01000213623047,92.2699966430664,90.87999725341797,91.77999877929688,1047336,0.0,,0.0
2024-12-24,SAN.PA,92.91999816894531,92.98999786376953,91.75,91.75,426649,0.0,,0.0
2024-12-27,SAN.PA,92.19999694824219,93.27999877929688,92.05000305175781,93.27999877929688,1136452,0.0,,0.0
2024-12-30,SAN.PA,93.29000091552734,93.83000183105469,92.97000122070312,93.13999938964844,1028694,0.0,,0.0
2024-12-31,SAN.PA,92.4000015258789,93.73999786376953,92.37999725341797,93.73999786376953,473767,0.0,,0.0
2025-01-02,SAN.PA,92.94999694824219,94.43000030517578,92.87999725341797,94.31999969482422,1154018,0.0,,0.0
2025-01-03,SAN.PA,94.0999984741211,94.2699966430664,92.83999633789062,92.87000274658203,1090161,0.0,,0.0
2025-01-06,SAN.PA,93.51000213623047,94.69999694824219,92.9000015258789,94.66000366210938,1691504,0.0,,0.0
2025-01-07,SAN.PA,94.5999984741211,96.20999908447266,94.16000366210938,95.8499984741211,2062985,0.0,,0.0
2025-01-08,SAN.PA,96.55999755859375,96.7699966430664,94.62000274658203,95.66999816894531,1175632,0.0,,0.0
2025-01-09,SAN.PA,95.2699966430664,96.72000122070312,95.16999816894531,96.30000305175781,870327,0.0,,0.0
2025-01-10,SAN.PA,95.77999877929688,96.3499984741211,95.41999816894531,95.61000061035156,1156197,0.0,,0.0
2025-01-13,SAN.PA,94.97000122070312,95.29000091552734,94.29000091552734,94.97000122070312,1046937,0.0,,0.0
2025-01-14,SAN.PA,95.27999877929688,95.62000274658203,93.05999755859375,93.23999786376953,1385751,0.0,,0.0
2025-01-15,SAN.PA,94.04000091552734,96.30999755859375,93.62000274658203,95.81999969482422,2069575,0.0,,0.0
2025-01-16,SAN.PA,95.37000274658203,98.18000030517578,95.30000305175781,97.87999725341797,2103571,0.0,,0.0
2025-01-17,SAN.PA,99.0,100.12000274658203,98.19000244140625,98.19000244140625,2506760,0.0,,0.0
2025-01-20,SAN.PA,98.08999633789062,99.55999755859375,98.08999633789062,98.8499984741211,1054270,0.0,,0.0
2025-01-21,SAN.PA,98.43000030517578,99.58999633789062,98.23999786376953,99.0199966430664,1327488,0.0,,0.0
2025-01-22,SAN.PA,98.94000244140625,99.58999633789062,98.66000366210938,98.8499984741211,1113923,0.0,,0.0
2025-01-23,SAN.PA,99.54000091552734,100.86000061035156,99.38999938964844,99.88999938964844,1656253,0.0,,0.0
2025-01-24,SAN.PA,99.5,100.86000061035156,99.0,100.16000366210938,1239284,0.0,,0.0
2025-01-27,SAN.PA,100.62000274658203,102.4800033569336,100.12000274658203,101.33999633789062,1881624,0.0,,0.0
2025-01-28,SAN.PA,101.27999877929688,103.23999786376953,100.9000015258789,101.72000122070312,1614837,0.0,,0.0
2025-01-29,SAN.PA,101.4000015258789,102.72000122070312,101.26000213623047,101.86000061035156,1657302,0.0,,0.0
2025-01-30,SAN.PA,102.0999984741211,103.80000305175781,101.73999786376953,103.62000274658203,2387213,0.0,,0.0
2025-01-31,SAN.PA,103.86000061035156,104.72000122070312,103.4000015258789,104.4000015258789,2389467,0.0,,0.0
2025-02-03,SAN.PA,104.0,104.80000305175781,103.62000274658203,104.45999908447266,1804169,0.0,,0.0
2025-02-04,SAN.PA,102.83999633789062,103.87999725341797,102.36000061035156,102.68000030517578,1602394,0.0,,0.0
2025-02-05,SAN.PA,102.87999725341797,103.87999725341797,102.04000091552734,103.5999984741211,1517578,0.0,,0.0
2025-02-06,SAN.PA,103.80000305175781,104.45999908447266,103.45999908447266,103.72000122070312,1739445,0.0,,0.0
2025-02-07,SAN.PA,100.73999786376953,103.69999694824219,100.4000015258789,103.36000061035156,2066340,0.0,,0.0
2025-02-10,SAN.PA,103.58000183105469,104.23999786376953,103.4000015258789,103.80000305175781,1733755,0.0,,0.0
2025-02-11,SAN.PA,103.5,103.72000122070312,103.31999969482422,103.63999938964844,1382300,0.0,,0.0
2025-02-12,SAN.PA,104.19999694824219,104.63999938964844,103.94000244140625,104.5,1471878,0.0,,0.0
2025-02-13,SAN.PA,104.44000244140625,105.58000183105469,104.27999877929688,105.36000061035156,1527802,0.0,,0.0
2025-02-14,SAN.PA,104.0,104.94000244140625,103.08000183105469,103.69999694824219,2072715,0.0,,0.0
2025-02-17,SAN.PA,104.0,104.16000366210938,103.58000183105469,104.04000091552734,1149672,0.0,,0.0
2025-02-18,SAN.PA,104.13999938964844,104.33999633789062,102.9800033569336,103.68000030517578,1511545,0.0,,0.0
2025-02-19,SAN.PA,103.5999984741211,103.95999908447266,102.63999938964844,103.08000183105469,1647083,0.0,,0.0
2025-02-20,SAN.PA,102.5,103.58000183105469,102.33999633789062,103.58000183105469,1656665,0.0,,0.0
2025-02-21,SAN.PA,102.41999816894531,104.12000274658203,102.41999816894531,104.12000274658203,2172268,0.0,,0.0
2025-02-24,SAN.PA,103.69999694824219,104.44000244140625,102.95999908447266,103.37999725341797,1664606,0.0,,0.0
2025-02-25,SAN.PA,103.0,104.4000015258789,102.83999633789062,104.0999984741211,2182638,0.0,,0.0
2025-02-26,SAN.PA,103.81999969482422,104.77999877929688,103.62000274658203,104.69999694824219,2000312,0.0,,0.0
2025-02-27,SAN.PA,104.12000274658203,104.95999908447266,103.66000366210938,104.83999633789062,2015033,0.0,,0.0
2025-02-28,SAN.PA,103.81999969482422,104.45999908447266,103.18000030517578,104.36000061035156,2844567,0.0,,0.0
2025-03-03,SAN.PA,105.41999816894531,108.19999694824219,105.05999755859375,107.68000030517578,2259823,0.0,,0.0
2025-03-04,SAN.PA,108.0,109.62000274658203,107.13999938964844,109.30000305175781,2750933,0.0,,0.0
2025-03-05,SAN.PA,108.37999725341797,109.26000213623047,108.27999877929688,108.80000305175781,2238629,0.0,,0.0
2025-03-06,SAN.PA,108.80000305175781,110.26000213623047,108.22000122070312,109.62000274658203,2009373,0.0,,0.0
2025-03-07,SAN.PA,109.83999633789062,110.05999755859375,108.45999908447266,109.62000274658203,2594253,0.0,,0.0
2025-03-10,SAN.PA,108.72000122070312,110.87999725341797,108.72000122070312,109.4800033569336,2513566,0.0,,0.0
2025-03-11,SAN.PA,110.27999877929688,110.77999877929688,107.05999755859375,107.44000244140625,2566700,0.0,,0.0
2025-03-12,SAN.PA,108.16000366210938,108.76000213623047,105.30999755859375,105.94000244140625,2608872,0.0,,0.0
2025-03-13,SAN.PA,106.36000061035156,106.68000030517578,105.68000030517578,106.22000122070312,2077229,0.0,,0.0
2025-03-14,SAN.PA,106.31999969482422,107.13999938964844,105.91999816894531,106.22000122070312,1610925,0.0,,0.0
2025-03-17,SAN.PA,106.19999694824219,107.5199966430664,105.72000122070312,107.5199966430664,1341140,0.0,,0.0
2025-03-18,SAN.PA,107.73999786376953,108.33999633789062,107.23999786376953,107.63999938964844,1888862,0.0,,0.0
2025-03-19,SAN.PA,107.5999984741211,108.86000061035156,107.41999816894531,107.9800033569336,1739424,0.0,,0.0
2025-03-20,SAN.PA,107.68000030517578,108.19999694824219,105.55999755859375,106.19999694824219,2101142,0.0,,0.0
2025-03-21,SAN.PA,106.58000183105469,106.69999694824219,105.33999633789062,105.83999633789062,5610099,0.0,,0.0
2024-12-05,BARC.L,263.50306206344464,267.6023381506963,263.50306206344464,267.5023498535156,26092339,0.0,,0.0
2024-12-06,BARC.L,267.8023133662812,269.55200176542905,264.2029482713197,264.7528381347656,34652434,0.0,,0.0
2024-12-09,BARC.L,266.3525607162991,269.0520921794548,265.452727065962,267.5023498535156,21226133,0.0,,0.0
2024-12-10,BARC.L,265.65271761922173,268.20225151450114,263.5030759093887,264.1529846191406,23272737,0.0,,0.0
2024-12-11,BARC.L,262.10330991033317,268.95209615652465,261.60339895093443,266.6025085449219,66367713,0.0,,0.0
2024-12-12,BARC.L,268.9021364683272,273.1813733658843,267.50236127233495,270.6518249511719,30383450,0.0,,0.0
2024-12-13,BARC.L,269.6019757447095,271.95156336889147,268.2522100446778,269.3520202636719,17943580,0.0,,0.0
2024-12-16,BARC.L,269.5019951078452,273.2013485371771,268.70214975065454,270.2518615722656,31793460,0.0,,0.0
2024-12-17,BARC.L,269.4020514032503,271.00174220124325,264.05299757504116,264.5028991699219,61963968,0.0,,0.0
2024-12-18,BARC.L,264.05298494045024,268.13026181017443,263.6910498802184,267.00244140625,25399661,0.0,,0.0
2024-12-19,BARC.L,257.5541521308874,260.8035736161067,257.1042200280756,260.20367431640625,51575171,0.0,,0.0
2024-12-20,BARC.L,256.7542762272382,261.2034963118584,254.65465919043257,260.20367431640625,68228161,0.0,,0.0
2024-12-23,BARC.L,261.1535135894066,262.0033378633689,259.25382741617324,261.5534362792969,13605305,0.0,,0.0
2024-12-24,BARC.L,262.9031830224783,264.13395134278227,262.22630163770447,263.5030517578125,8298189,0.0,,0.0
2024-12-27,BARC.L,264.3029543378646,265.85266624787243,263.49310095106745,264.85284423828125,15970484,0.0,,0.0
2024-12-30,BARC.L,262.5532393404111,265.7026722505478,261.3534408450528,264.7028503417969,14724719,0.0,,0.0
2024-12-31,BARC.L,264.20296468917536,268.1022644042969,263.1531637893086,268.1022644042969,9253099,0.0,,0.0
2025-01-02,BARC.L,266.1026115488974,268.102255491421,260.5436038296534,266.85247802734375,16234904,0.0,,0.0
2025-01-03,BARC.L,266.25259017877664,268.4522108148932,265.55773706813324,266.402587890625,22674822,0.0,,0.0
2025-01-06,BARC.L,268.8521044768125,272.9014015042394,267.30239272704785,272.75140380859375,33697063,0.0,,0.0
2025-01-07,BARC.L,271.75159957573055,272.4514871604503,263.9530004049867,265.6527099609375,36053588,0.0,,0.0
2025-01-08,BARC.L,267.8023185172101,272.6014517280361,260.1036772080258,264.95281982421875,42976306,0.0,,0.0
2025-01-09,BARC.L,262.4532636818559,266.0526288290646,261.0035096395173,265.80267333984375,77895220,0.0,,0.0
2025-01-10,BARC.L,264.5029019372042,266.3525787678997,256.55433522302394,258.0040588378906,58858463,0.0,,0.0
2025-01-13,BARC.L,257.8040963063921,261.6034075173771,255.0545859396638,260.6535949707031,44675614,0.0,,0.0
2025-01-14,BARC.L,262.10332110617964,264.05298613597284,258.403998155897,263.7530212402344,29124701,0.0,,0.0
2025-01-15,BARC.L,267.6523528307643,282.3997268473206,267.3843951734107,280.8999938964844,65565586,0.0,,0.0
2025-01-16,BARC.L,284.94926709237984,285.5491663886877,281.199934630638,282.6496887207031,37501667,0.0,,0.0
2025-01-17,BARC.L,285.99906163122625,291.69805905148604,284.7492841717083,289.2984924316406,51385499,0.0,,0.0
2025-01-20,BARC.L,292.2979456300478,293.54772303524544,289.9483580058476,291.79803466796875,28352078,0.0,,0.0
2025-01-21,BARC.L,293.9476434078631,298.0918942667758,292.4978894242935,295.8973083496094,39436643,0.0,,0.0
2025-01-22,BARC.L,297.94693608710105,299.24669239537513,292.79785923366217,293.69769287109375,119155572,0.0,,0.0
2025-01-23,BARC.L,292.34794481561704,299.04676437735264,292.34794481561704,298.5968322753906,37652718,0.0,,0.0
2025-01-24,BARC.L,296.9471115405291,297.54701079758513,292.34792458595746,292.997802734375,22990549,0.0,,0.0
2025-01-27,BARC.L,287.54878748916053,292.0219897392123,287.4987780863623,288.3486328125,33626143,0.0,,0.0
2025-01-28,BARC.L,285.9490827377035,289.9623756827195,285.04924906927965,289.2984924316406,39485551,0.0,,0.0
2025-01-29,BARC.L,290.14833359379764,298.3968644396238,289.59841323012307,296.2472229003906,44836689,0.0,,0.0
2025-01-30,BARC.L,295.6473566699199,297.59699112457764,294.2975909630682,295.747314453125,32430324,0.0,,0.0
2025-01-31,BARC.L,294.5975254005486,298.69680141359066,294.5975254005486,296.9471130371094,29162819,0.0,,0.0
2025-02-03,BARC.L,288.0487149845728,291.8390251740359,286.1040539345641,290.4982604980469,109731938,0.0,,0.0
2025-02-04,BARC.L,292.24793636050003,294.1976013183594,289.0985034003873,294.1976013183594,38513525,0.0,,0.0
2025-02-05,BARC.L,292.54790508128355,295.2474060058594,291.29812765912504,295.2474060058594,28853413,0.0,,0.0
2025-02-06,BARC.L,298.24687726494017,307.9451624428354,296.4472099490282,307.44525146484375,74428801,0.0,,0.0
2025-02-07,BARC.L,305.9455082473576,307.2952739449953,302.84605418556026,304.645751953125,31910538,0.0,,0.0
2025-02-10,BARC.L,304.59576162609136,308.88500648511774,302.69610595703125,302.69610595703125,25448783,0.0,,0.0
2025-02-11,BARC.L,302.44613789582974,308.36009323478004,301.74625033055196,306.39544677734375,27287744,0.0,,0.0
2025-02-12,BARC.L,307.74519984247985,312.34438715159445,306.14550904987135,307.6952209472656,38726785,0.0,,0.0
2025-02-13,BARC.L,295.5473720894147,301.4962943356551,287.7987520407031,293.1977844238281,95487410,0.0,,0.0
2025-02-14,BARC.L,292.8478369025561,295.74731439423607,291.398113412788,294.54754638671875,80572764,0.0,,0.0
2025-02-17,BARC.L,298.5468395878321,306.0455041931252,298.44685129066596,304.3457946777344,48798577,0.0,,0.0
2025-02-18,BARC.L,305.49558898645637,310.3947410212334,304.89572021759335,308.1451416015625,31610524,0.0,,0.0
2025-02-19,BARC.L,309.0949502682587,312.54434820651085,305.3456179493517,305.8955383300781,38353533,0.0,,0.0
2025-02-20,BARC.L,305.8455273932217,309.34490420667305,297.79697292714127,298.34686279296875,44965737,0.0,,0.0
2025-02-21,BARC.L,299.8966203637603,305.99551013897207,299.4966671550319,303.74591064453125,41171276,0.0,,0.0
2025-02-24,BARC.L,301.79626201185783,303.9458731040795,295.5473748181062,298.6968078613281,39817525,0.0,,0.0
2025-02-25,BARC.L,297.8469504927039,305.2956361672955,296.7971496582031,296.7971496582031,58511638,0.0,,0.0
2025-02-26,BARC.L,304.5957666180278,309.8948415326301,301.396354520899,308.89501953125,69455584,0.0,,0.0
2025-02-27,BARC.L,301.70001220703125,303.4849853515625,296.1000061035156,301.04998779296875,136383465,5.5,,0.0
2025-02-28,BARC.L,299.1000061035156,311.3089904785156,297.29998779296875,311.29998779296875,104348091,0.0,,0.0
2025-03-03,BARC.L,310.5,316.0,305.6499938964844,311.1000061035156,47887027,0.0,,0.0
2025-03-04,BARC.L,307.0,309.0060119628906,290.8999938964844,292.3999938964844,71125845,0.0,,0.0
2025-03-05,BARC.L,307.0,312.5,301.3330078125,303.45001220703125,109193473,0.0,,0.0
2025-03-06,BARC.L,308.0,311.0,304.0,308.3999938964844,69237234,0.0,,0.0
2025-03-07,BARC.L,302.3500061035156,306.75,298.5,298.75,39777130,0.0,,0.0
2025-03-10,BARC.L,299.70001220703125,300.6499938964844,280.1499938964844,284.54998779296875,96013777,0.0,,0.0
2025-03-11,BARC.L,283.45001220703125,284.93499755859375,277.54998779296875,283.54998779296875,64205536,0.0,,0.0
2025-03-12,BARC.L,287.20001220703125,294.25,286.25,292.1000061035156,53815331,0.0,,0.0
2025-03-13,BARC.L,292.04998779296875,295.8999938964844,286.75,288.8500061035156,35149260,0.0,,0.0
2025-03-14,BARC.L,287.29998779296875,295.3500061035156,285.45001220703125,294.75,40187488,0.0,,0.0
2025-03-17,BARC.L,296.29998779296875,297.25,291.6499938964844,294.8500061035156,47951738,0.0,,0.0
2025-03-18,BARC.L,296.8500061035156,304.70001220703125,295.135009765625,303.6499938964844,54934802,0.0,,0.0
2025-03-19,BARC.L,301.6499938964844,306.04998779296875,299.6499938964844,304.8999938964844,40816410,0.0,,0.0
2025-03-20,BARC.L,306.45001220703125,308.4750061035156,298.6499938964844,302.04998779296875,35080182,0.0,,0.0
2025-03-21,BARC.L,299.54998779296875,301.8500061035156,293.1000061035156,297.45001220703125,72074784,0.0,,0.0
2024-12-05,BNP.PA,56.36000061035156,58.09000015258789,56.290000915527344,57.970001220703125,3646351,0.0,,0.0
2024-12-06,BNP.PA,57.959999084472656,59.099998474121094,57.88999938964844,58.56999969482422,3758878,0.0,,0.0
2024-12-09,BNP.PA,59.189998626708984,60.27000045776367,59.189998626708984,60.060001373291016,3643529,0.0,,0.0
2024-12-10,BNP.PA,59.869998931884766,60.119998931884766,59.470001220703125,59.70000076293945,3017820,0.0,,0.0
2024-12-11,BNP.PA,59.59000015258789,59.97999954223633,59.380001068115234,59.59000015258789,1806949,0.0,,0.0
2024-12-12,BNP.PA,59.779998779296875,59.93000030517578,58.70000076293945,58.91999816894531,3064965,0.0,,0.0
2024-12-13,BNP.PA,59.0099983215332,59.349998474121094,58.77000045776367,58.939998626708984,2159456,0.0,,0.0
2024-12-16,BNP.PA,58.63999938964844,59.290000915527344,58.45000076293945,58.81999969482422,1775368,0.0,,0.0
2024-12-17,BNP.PA,58.56999969482422,58.84000015258789,58.25,58.25,3075365,0.0,,0.0
2024-12-18,BNP.PA,58.31999969482422,59.209999084472656,58.2400016784668,58.630001068115234,2891991,0.0,,0.0
2024-12-19,BNP.PA,57.58000183105469,58.09000015258789,57.220001220703125,57.810001373291016,2800740,0.0,,0.0
2024-12-20,BNP.PA,57.36000061035156,57.599998474121094,56.599998474121094,57.47999954223633,4839471,0.0,,0.0
2024-12-23,BNP.PA,57.52000045776367,57.529998779296875,57.0099983215332,57.439998626708984,1395481,0.0,,0.0
2024-12-24,BNP.PA,57.81999969482422,57.90999984741211,57.540000915527344,57.540000915527344,479686,0.0,,0.0
2024-12-27,BNP.PA,57.900001525878906,58.66999816894531,57.900001525878906,58.540000915527344,2338135,0.0,,0.0
2024-12-30,BNP.PA,58.470001220703125,59.33000183105469,58.41999816894531,58.72999954223633,1667203,0.0,,0.0
2024-12-31,BNP.PA,58.540000915527344,59.400001525878906,58.4900016784668,59.220001220703125,796685,0.0,,0.0
2025-01-02,BNP.PA,59.540000915527344,60.0,57.91999816894531,59.25,1571471,0.0,,0.0
2025-01-03,BNP.PA,59.18000030517578,59.43000030517578,58.18000030517578,58.4900016784668,2635522,0.0,,0.0
2025-01-06,BNP.PA,59.43000030517578,60.369998931884766,59.0,60.029998779296875,3444327,0.0,,0.0
2025-01-07,BNP.PA,59.91999816894531,61.08000183105469,59.34000015258789,60.400001525878906,3010929,0.0,,0.0
2025-01-08,BNP.PA,60.38999938964844,60.900001525878906,59.290000915527344,60.13999938964844,2534021,0.0,,0.0
2025-01-09,BNP.PA,59.61000061035156,60.209999084472656,59.040000915527344,59.95000076293945,1759110,0.0,,0.0
2025-01-10,BNP.PA,59.790000915527344,60.209999084472656,59.20000076293945,59.349998474121094,3177621,0.0,,0.0
2025-01-13,BNP.PA,59.290000915527344,59.84000015258789,58.79999923706055,59.63999938964844,2249295,0.0,,0.0
2025-01-14,BNP.PA,60.630001068115234,61.41999816894531,60.630001068115234,60.810001373291016,3608506,0.0,,0.0
2025-01-15,BNP.PA,61.029998779296875,62.349998474121094,60.47999954223633,62.08000183105469,4240049,0.0,,0.0
2025-01-16,BNP.PA,62.79999923706055,62.79999923706055,61.959999084472656,62.209999084472656,2413140,0.0,,0.0
2025-01-17,BNP.PA,62.560001373291016,62.7400016784668,62.029998779296875,62.2400016784668,3346287,0.0,,0.0
2025-01-20,BNP.PA,62.5099983215332,63.25,62.43000030517578,62.95000076293945,2581551,0.0,,0.0
2025-01-21,BNP.PA,63.029998779296875,63.209999084472656,62.72999954223633,63.11000061035156,1841077,0.0,,0.0
2025-01-22,BNP.PA,63.040000915527344,63.18000030517578,62.130001068115234,62.310001373291016,2831825,0.0,,0.0
2025-01-23,BNP.PA,62.560001373291016,63.439998626708984,62.529998779296875,63.380001068115234,2412811,0.0,,0.0
2025-01-24,BNP.PA,63.7400016784668,64.37999725341797,63.369998931884766,63.61000061035156,1858272,0.0,,0.0
2025-01-27,BNP.PA,63.43000030517578,64.52999877929688,63.369998931884766,64.2300033569336,3000292,0.0,,0.0
2025-01-28,BNP.PA,64.2300033569336,65.04000091552734,64.05000305175781,64.58000183105469,2440646,0.0,,0.0
2025-01-29,BNP.PA,64.48999786376953,64.80000305175781,64.05999755859375,64.66999816894531,2128766,0.0,,0.0
2025-01-30,BNP.PA,64.79000091552734,65.93000030517578,64.58000183105469,65.66000366210938,2838071,0.0,,0.0
2025-01-31,BNP.PA,65.5999984741211,66.06999969482422,65.44999694824219,65.72000122070312,2930668,0.0,,0.0
2025-02-03,BNP.PA,64.18000030517578,64.8499984741211,63.79999923706055,64.31999969482422,4014970,0.0,,0.0
2025-02-04,BNP.PA,66.5,67.05000305175781,65.0199966430664,67.05000305175781,5238937,0.0,,0.0
2025-02-05,BNP.PA,66.97000122070312,67.37999725341797,65.87000274658203,66.4000015258789,3172600,0.0,,0.0
2025-02-06,BNP.PA,66.75,68.44999694824219,66.55000305175781,68.26000213623047,4195725,0.0,,0.0
2025-02-07,BNP.PA,68.98999786376953,69.73999786376953,68.80999755859375,69.44999694824219,4583335,0.0,,0.0
2025-02-10,BNP.PA,69.43000030517578,70.11000061035156,69.30999755859375,69.48999786376953,3623884,0.0,,0.0
2025-02-11,BNP.PA,69.69999694824219,70.22000122070312,69.37000274658203,70.12999725341797,2409379,0.0,,0.0
2025-02-12,BNP.PA,70.58000183105469,71.12999725341797,70.45999908447266,70.94000244140625,2772529,0.0,,0.0
2025-02-13,BNP.PA,71.4800033569336,71.54000091552734,69.80000305175781,70.0999984741211,3067525,0.0,,0.0
2025-02-14,BNP.PA,69.98999786376953,70.31999969482422,69.73999786376953,69.94999694824219,2784882,0.0,,0.0
2025-02-17,BNP.PA,70.02999877929688,70.70999908447266,69.83000183105469,69.83000183105469,1505907,0.0,,0.0
2025-02-18,BNP.PA,69.94999694824219,71.2699966430664,69.87000274658203,71.08999633789062,2644716,0.0,,0.0
2025-02-19,BNP.PA,70.88999938964844,71.19999694824219,69.97000122070312,70.30000305175781,2497449,0.0,,0.0
2025-02-20,BNP.PA,70.37000274658203,71.54000091552734,70.37000274658203,70.87000274658203,3309235,0.0,,0.0
2025-02-21,BNP.PA,70.83999633789062,71.44000244140625,70.75,71.12000274658203,2525080,0.0,,0.0
2025-02-24,BNP.PA,71.0199966430664,71.58999633789062,70.79000091552734,71.08000183105469,1770629,0.0,,0.0
2025-02-25,BNP.PA,71.0,72.66000366210938,71.0,72.11000061035156,2874998,0.0,,0.0
2025-02-26,BNP.PA,72.41000366210938,72.87999725341797,71.91999816894531,72.72000122070312,2369568,0.0,,0.0
2025-02-27,BNP.PA,72.5,73.5199966430664,72.08000183105469,72.61000061035156,2299727,0.0,,0.0
2025-02-28,BNP.PA,72.37000274658203,72.86000061035156,71.70999908447266,72.86000061035156,4812789,0.0,,0.0
2025-03-03,BNP.PA,72.63999938964844,74.41000366210938,72.12000274658203,74.0199966430664,3282247,0.0,,0.0
2025-03-04,BNP.PA,73.04000091552734,73.4800033569336,70.9800033569336,71.69000244140625,3943060,0.0,,0.0
2025-03-05,BNP.PA,74.0,75.41999816894531,73.2300033569336,74.66000366210938,5127533,0.0,,0.0
2025-03-06,BNP.PA,75.79000091552734,77.72000122070312,75.5999984741211,77.16999816894531,4960960,0.0,,0.0
2025-03-07,BNP.PA,76.66999816894531,77.30999755859375,76.20999908447266,76.56999969482422,3555933,0.0,,0.0
2025-03-10,BNP.PA,76.47000122070312,76.76000213623047,74.3499984741211,74.44000244140625,3997676,0.0,,0.0
2025-03-11,BNP.PA,74.9000015258789,75.02999877929688,72.27999877929688,72.95999908447266,4200358,0.0,,0.0
2025-03-12,BNP.PA,73.73999786376953,74.69999694824219,73.66999816894531,73.69000244140625,3137680,0.0,,0.0
2025-03-13,BNP.PA,73.47000122070312,74.08000183105469,72.97000122070312,73.55000305175781,2891928,0.0,,0.0
2025-03-14,BNP.PA,73.05000305175781,76.37999725341797,72.68000030517578,75.72000122070312,3843234,0.0,,0.0
2025-03-17,BNP.PA,76.0,78.16000366210938,75.9000015258789,77.91000366210938,3644074,0.0,,0.0
2025-03-18,BNP.PA,78.05000305175781,80.43000030517578,78.04000091552734,80.20999908447266,5488254,0.0,,0.0
2025-03-19,BNP.PA,79.91000366210938,80.97000122070312,79.9000015258789,80.86000061035156,3170970,0.0,,0.0
2025-03-20,BNP.PA,80.69999694824219,80.87999725341797,78.44999694824219,79.05000305175781,3094729,0.0,,0.0
2025-03-21,BNP.PA,78.94999694824219,80.22000122070312,78.41999816894531,79.72000122070312,7614235,0.0,,0.0
