Date,Products,ISIN,Place,Exec Place,Qty,Buying_value,Actual_value,Total_Actual_value_for_day,Total_Buying_value_for_day,Product_pct_in_portfolio_for_day,Value_diff,Percentage_diff
2024-12-05,ASML,NL0010273215,EAM,XAMS,0,0.0,0.0,1836.0000610351562,1839.000061,0.0,0.0,
2024-12-06,ASML,NL0010273215,EAM,XAMS,0,0.0,0.0,1843.6000061035156,1839.000061,0.0,0.0,
2024-12-07,ASML,NL0010273215,EAM,XAMS,0,0.0,0.0,1843.6000061035156,1839.000061,0.0,0.0,
2024-12-08,ASML,NL0010273215,EAM,XAMS,0,0.0,0.0,1843.6000061035156,1839.000061,0.0,0.0,
2024-12-09,ASML,NL0010273215,EAM,XAMS,0,0.0,0.0,1836.3999938964844,1839.000061,0.0,0.0,
2024-12-10,ASML,NL0010273215,EAM,XAMS,0,0.0,0.0,1835.0,1839.000061,0.0,0.0,
2024-12-11,ASML,NL0010273215,EAM,XAMS,0,0.0,0.0,1825.8000183105469,1839.000061,0.0,0.0,
2024-12-12,ASML,NL0010273215,EAM,XAMS,0,0.0,0.0,1813.800048828125,1839.000061,0.0,0.0,
2024-12-13,ASML,NL0010273215,EAM,XAMS,0,0.0,0.0,1783.3999633789062,1839.000061,0.0,0.0,
2024-12-14,ASML,NL0010273215,EAM,XAMS,0,0.0,0.0,1783.3999633789062,1839.000061,0.0,0.0,
2024-12-15,ASML,NL0010273215,EAM,XAMS,0,0.0,0.0,1783.3999633789062,1839.000061,0.0,0.0,
2024-12-16,ASML,NL0010273215,EAM,XAMS,0,0.0,0.0,1776.3999938964844,1839.000061,0.0,0.0,
2024-12-17,ASML,NL0010273215,EAM,XAMS,0,0.0,0.0,1834.7999572753906,1839.000061,0.0,0.0,
2024-12-18,ASML,NL0010273215,EAM,XAMS,0,0.0,0.0,1836.0000610351562,1839.000061,0.0,0.0,
2024-12-19,ASML,NL0010273215,EAM,XAMS,0,0.0,0.0,1830.0,1839.000061,0.0,0.0,
2024-12-20,ASML,NL0010273215,EAM,XAMS,0,0.0,0.0,1825.5999755859375,1839.000061,0.0,0.0,
2024-12-21,ASML,NL0010273215,EAM,XAMS,0,0.0,0.0,1825.5999755859375,1839.000061,0.0,0.0,
2024-12-22,ASML,NL0010273215,EAM,XAMS,0,0.0,0.0,1825.5999755859375,1839.000061,0.0,0.0,
2024-12-23,ASML,NL0010273215,EAM,XAMS,0,0.0,0.0,1835.5999755859375,1839.000061,0.0,0.0,
2024-12-24,ASML,NL0010273215,EAM,XAMS,0,0.0,0.0,1835.0,1839.000061,0.0,0.0,
2024-12-25,ASML,NL0010273215,EAM,XAMS,0,0.0,0.0,1835.0,1839.000061,0.0,0.0,
2024-12-26,ASML,NL0010273215,EAM,XAMS,0,0.0,0.0,1835.0,1839.000061,0.0,0.0,
2024-12-27,ASML,NL0010273215,EAM,XAMS,0,0.0,0.0,1865.5999755859375,1839.000061,0.0,0.0,
2024-12-28,ASML,NL0010273215,EAM,XAMS,0,0.0,0.0,1865.5999755859375,1839.000061,0.0,0.0,
2024-12-29,ASML,NL0010273215,EAM,XAMS,0,0.0,0.0,1865.5999755859375,1839.000061,0.0,0.0,
2024-12-30,ASML,NL0010273215,EAM,XAMS,0,0.0,0.0,1862.7999877929688,1839.000061,0.0,0.0,
2024-12-31,ASML,NL0010273215,EAM,XAMS,0,0.0,0.0,1874.7999572753906,1839.000061,0.0,0.0,
2025-01-01,ASML,NL0010273215,EAM,XAMS,0,0.0,0.0,1874.7999572753906,1839.000061,0.0,0.0,
2025-01-02,ASML,NL0010273215,EAM,XAMS,0,0.0,0.0,1886.3999938964844,1839.000061,0.0,0.0,
2025-01-03,ASML,NL0010273215,EAM,XAMS,0,0.0,0.0,1857.4000549316406,1839.000061,0.0,0.0,
2025-01-04,ASML,NL0010273215,EAM,XAMS,0,0.0,0.0,1857.4000549316406,1839.000061,0.0,0.0,
2025-01-05,ASML,NL0010273215,EAM,XAMS,0,0.0,0.0,6420.144958496094,6403.744965,0.0,0.0,
2025-01-06,ASML,NL0010273215,EAM,XAMS,0,0.0,0.0,6609.8443603515625,6403.744965,0.0,0.0,
2025-01-07,ASML,NL0010273215,EAM,XAMS,0,0.0,0.0,6644.881210327148,6403.744965,0.0,0.0,
2025-01-08,ASML,NL0010273215,EAM,XAMS,0,0.0,0.0,6641.281204223633,6403.744965,0.0,0.0,
2025-01-09,ASML,NL0010273215,EAM,XAMS,0,0.0,0.0,6728.632583618164,6403.744965,0.0,0.0,
2025-01-10,ASML,NL0010273215,EAM,XAMS,0,0.0,0.0,6663.532485961914,6403.744965,0.0,0.0,
2025-01-11,ASML,NL0010273215,EAM,XAMS,0,0.0,0.0,6663.532485961914,6403.744965,0.0,0.0,
2025-01-12,ASML,NL0010273215,EAM,XAMS,0,0.0,0.0,6663.532485961914,6403.744965,0.0,0.0,
2025-01-13,ASML,NL0010273215,EAM,XAMS,0,0.0,0.0,6618.486862182617,6403.744965,0.0,0.0,
2025-01-14,ASML,NL0010273215,EAM,XAMS,0,0.0,0.0,6602.941207885742,6403.744965,0.0,0.0,
2025-01-15,ASML,NL0010273215,EAM,XAMS,0,0.0,0.0,8556.515350341797,8269.14502,0.0,0.0,
2025-01-16,ASML,NL0010273215,EAM,XAMS,0,0.0,0.0,8591.355209350586,8269.14502,0.0,0.0,
2025-01-17,ASML,NL0010273215,EAM,XAMS,0,0.0,0.0,8737.453422546387,8269.14502,0.0,0.0,
2025-01-18,ASML,NL0010273215,EAM,XAMS,0,0.0,0.0,8737.453422546387,8269.14502,0.0,0.0,
2025-01-19,ASML,NL0010273215,EAM,XAMS,0,0.0,0.0,8737.453422546387,8269.14502,0.0,0.0,
2025-01-20,ASML,NL0010273215,EAM,XAMS,0,0.0,0.0,20467.08179473877,19944.06641,0.0,0.0,
2025-01-21,ASML,NL0010273215,EAM,XAMS,0,0.0,0.0,20639.252700805664,19944.06641,0.0,0.0,
2025-01-22,ASML,NL0010273215,EAM,XAMS,0,0.0,0.0,20654.560050964355,19944.06641,0.0,0.0,
2025-01-23,ASML,NL0010273215,EAM,XAMS,0,0.0,0.0,20948.618354797363,19944.06641,0.0,0.0,
2025-01-24,ASML,NL0010273215,EAM,XAMS,0,0.0,0.0,20736.957244873047,19944.06641,0.0,0.0,
2025-01-25,ASML,NL0010273215,EAM,XAMS,0,0.0,0.0,24242.557373046875,23452.666537999998,0.0,0.0,
2025-01-26,ASML,NL0010273215,EAM,XAMS,0,0.0,0.0,24242.557373046875,23452.666537999998,0.0,0.0,
2025-01-27,ASML,NL0010273215,EAM,XAMS,0,0.0,0.0,23954.43389892578,23452.666537999998,0.0,0.0,
2025-01-28,ASML,NL0010273215,EAM,XAMS,0,0.0,0.0,24568.3504486084,24033.166537999998,0.0,0.0,
2025-01-29,ASML,NL0010273215,EAM,XAMS,0,0.0,0.0,24945.533237457275,24033.166537999998,0.0,0.0,
2025-01-30,ASML,NL0010273215,EAM,XAMS,0,0.0,0.0,25077.168045043945,24033.166537999998,0.0,0.0,
2025-01-31,ASML,NL0010273215,EAM,XAMS,0,0.0,0.0,25227.365398406982,24033.166537999998,0.0,0.0,
2025-02-01,ASML,NL0010273215,EAM,XAMS,0,0.0,0.0,25227.365398406982,24033.166537999998,0.0,0.0,
2025-02-02,ASML,NL0010273215,EAM,XAMS,0,0.0,0.0,25227.365398406982,24033.166537999998,0.0,0.0,
2025-02-03,ASML,NL0010273215,EAM,XAMS,0,0.0,0.0,24782.13918685913,24033.166537999998,0.0,0.0,
2025-02-04,ASML,NL0010273215,EAM,XAMS,0,0.0,0.0,24904.28602218628,24033.166537999998,0.0,0.0,
2025-02-05,ASML,NL0010273215,EAM,XAMS,0,0.0,0.0,24958.340854644775,24033.166537999998,0.0,0.0,
2025-02-06,ASML,NL0010273215,EAM,XAMS,0,0.0,0.0,25693.00811767578,24033.166537999998,0.0,0.0,
2025-02-07,ASML,NL0010273215,EAM,XAMS,0,0.0,0.0,25579.5707321167,24033.166537999998,0.0,0.0,
2025-02-08,ASML,NL0010273215,EAM,XAMS,0,0.0,0.0,25579.5707321167,24033.166537999998,0.0,0.0,
2025-02-09,ASML,NL0010273215,EAM,XAMS,0,0.0,0.0,25579.5707321167,24033.166537999998,0.0,0.0,
2025-02-10,ASML,NL0010273215,EAM,XAMS,0,0.0,0.0,25526.985054016113,24033.166537999998,0.0,0.0,
2025-02-11,ASML,NL0010273215,EAM,XAMS,0,0.0,0.0,25873.3504486084,24033.166537999998,0.0,0.0,
2025-02-12,ASML,NL0010273215,EAM,XAMS,0,0.0,0.0,36300.32432556152,34395.270148,0.0,0.0,
2025-02-13,ASML,NL0010273215,EAM,XAMS,0,0.0,0.0,36869.32024002075,34395.270148,0.0,0.0,
2025-02-14,ASML,NL0010273215,EAM,XAMS,0,0.0,0.0,37051.28137588501,34395.270148,0.0,0.0,
2025-02-15,ASML,NL0010273215,EAM,XAMS,0,0.0,0.0,42681.281299591064,40028.270072,0.0,0.0,
2025-02-16,ASML,NL0010273215,EAM,XAMS,0,0.0,0.0,42681.281299591064,40028.270072,0.0,0.0,
2025-02-17,ASML,NL0010273215,EAM,XAMS,0,0.0,0.0,43281.691875457764,40028.270072,0.0,0.0,
2025-02-18,ASML,NL0010273215,EAM,XAMS,0,0.0,0.0,43380.00524520874,40028.270072,0.0,0.0,
2025-02-19,ASML,NL0010273215,EAM,XAMS,0,0.0,0.0,42633.802337646484,40028.270072,0.0,0.0,
2025-02-20,ASML,NL0010273215,EAM,XAMS,0,0.0,0.0,42462.97472000122,40028.270072,0.0,0.0,
2025-02-21,ASML,NL0010273215,EAM,XAMS,0,0.0,0.0,42744.29636001587,40028.270072,0.0,0.0,
2025-02-22,ASML,NL0010273215,EAM,XAMS,0,0.0,0.0,42744.29636001587,40028.270072,0.0,0.0,
2025-02-23,ASML,NL0010273215,EAM,XAMS,0,0.0,0.0,42744.29636001587,40028.270072,0.0,0.0,
2025-02-24,ASML,NL0010273215,EAM,XAMS,0,0.0,0.0,42167.77280807495,40028.270072,0.0,0.0,
2025-02-25,ASML,NL0010273215,EAM,XAMS,0,0.0,0.0,50195.836334228516,48204.269889,0.0,0.0,
2025-02-26,ASML,NL0010273215,EAM,XAMS,0,0.0,0.0,51523.90069961548,48204.269889,0.0,0.0,
2025-02-27,ASML,NL0010273215,EAM,XAMS,0,0.0,0.0,50686.499938964844,48204.269889,0.0,0.0,
2025-02-28,ASML,NL0010273215,EAM,XAMS,0,0.0,0.0,51078.348903656006,48204.269889,0.0,0.0,
2025-03-01,ASML,NL0010273215,EAM,XAMS,50,33935.00878,33929.998779296875,85008.34768295288,82139.27866899999,39.91372577413478,-5.010000703121477,-0.014763516743435118
2025-03-02,ASML,NL0010273215,EAM,XAMS,50,33935.00878,33929.998779296875,85008.34768295288,82139.27866899999,39.91372577413478,-5.010000703121477,-0.014763516743435118
2025-03-03,ASML,NL0010273215,EAM,XAMS,50,33935.00878,34514.99938964844,86471.99890136719,82139.27866899999,39.914654255902406,579.990609648441,1.709121731508923
2025-03-04,ASML,NL0010273215,EAM,XAMS,50,33935.00878,33025.0,82562.44066238403,82139.27866899999,40.00002874799509,-910.0087799999965,-2.681622350238851
2025-03-05,ASML,NL0010273215,EAM,XAMS,50,33935.00878,33635.00061035156,85745.30204772949,82139.27866899999,39.22663960251593,-300.008169648434,-0.8840668690949254
2025-03-06,ASML,NL0010273215,EAM,XAMS,50,33935.00878,33500.0,86994.65003967285,82139.27866899999,38.5081151366466,-435.0087799999965,-1.281887925299062
2025-03-07,ASML,NL0010273215,EAM,XAMS,50,33935.00878,33300.0,85299.55060958862,82139.27866899999,39.03889265772604,-635.0087799999965,-1.8712497884316048
2025-03-08,ASML,NL0010273215,EAM,XAMS,50,33935.00878,33300.0,85299.55060958862,82139.27866899999,39.03889265772604,-635.0087799999965,-1.8712497884316048
2025-03-09,ASML,NL0010273215,EAM,XAMS,50,33935.00878,33300.0,85299.55060958862,82139.27866899999,39.03889265772604,-635.0087799999965,-1.8712497884316048
2025-03-10,ASML,NL0010273215,EAM,XAMS,50,33935.00878,31950.0,82330.8490562439,82139.27866899999,38.806838950699415,-1985.0087799999965,-5.849442364576269
2025-03-11,ASML,NL0010273215,EAM,XAMS,50,33935.00878,31600.0,81149.79913711548,82139.27866899999,38.94033051961937,-2335.0087799999965,-6.880825625058219
2025-03-12,ASML,NL0010273215,EAM,XAMS,50,33935.00878,32275.0,82603.50116729736,82139.27866899999,39.07219372534011,-1660.0087799999965,-4.891729336985887
2025-03-13,ASML,NL0010273215,EAM,XAMS,50,33935.00878,32120.001220703125,82118.90142440796,82139.27866899999,39.11401719160869,-1815.0075592968715,-5.348481183734267
2025-03-14,ASML,NL0010273215,EAM,XAMS,50,33935.00878,32785.00061035156,83803.35090637207,82139.27866899999,39.12134807948202,-1150.008169648434,-3.3888547874082326
2025-03-15,ASML,NL0010273215,EAM,XAMS,50,33935.00878,32785.00061035156,83803.35090637207,82139.27866899999,39.12134807948202,-1150.008169648434,-3.3888547874082326
2025-03-16,ASML,NL0010273215,EAM,XAMS,50,33935.00878,32785.00061035156,83803.35090637207,82139.27866899999,39.12134807948202,-1150.008169648434,-3.3888547874082326
2025-03-17,ASML,NL0010273215,EAM,XAMS,50,33935.00878,33064.99938964844,84476.10006332397,82139.27866899999,39.14124748285331,-870.009390351559,-2.5637517762020128
2025-03-18,ASML,NL0010273215,EAM,XAMS,50,33935.00878,33295.001220703125,85554.75082397461,82139.27866899999,38.91660124077297,-640.0075592968715,-1.885980237830578
2025-03-19,ASML,NL0010273215,EAM,XAMS,50,33935.00878,33654.998779296875,86017.64862060547,82139.27866899999,39.12569027286203,-280.0100007031215,-0.8251360785506817
2025-03-20,ASML,NL0010273215,EAM,XAMS,50,33935.00878,33625.0,85536.64892196655,82139.27866899999,39.310635176595994,-310.0087799999965,-0.9135367608412227
2025-03-21,ASML,NL0010273215,EAM,XAMS,50,33935.00878,33035.00061035156,84257.70147323608,82139.27866899999,39.20709921198707,-900.008169648434,-2.6521524584925538
2025-03-22,ASML,NL0010273215,EAM,XAMS,50,33935.00878,33035.00061035156,84257.70147323608,82139.27866899999,39.20709921198707,-900.008169648434,-2.6521524584925538
2024-12-05,SAP,DE0007164600,XETR,ETR,0,0.0,0.0,1836.0000610351562,1839.000061,0.0,0.0,
2024-12-06,SAP,DE0007164600,XETR,ETR,0,0.0,0.0,1843.6000061035156,1839.000061,0.0,0.0,
2024-12-07,SAP,DE0007164600,XETR,ETR,0,0.0,0.0,1843.6000061035156,1839.000061,0.0,0.0,
2024-12-08,SAP,DE0007164600,XETR,ETR,0,0.0,0.0,1843.6000061035156,1839.000061,0.0,0.0,
2024-12-09,SAP,DE0007164600,XETR,ETR,0,0.0,0.0,1836.3999938964844,1839.000061,0.0,0.0,
2024-12-10,SAP,DE0007164600,XETR,ETR,0,0.0,0.0,1835.0,1839.000061,0.0,0.0,
2024-12-11,SAP,DE0007164600,XETR,ETR,0,0.0,0.0,1825.8000183105469,1839.000061,0.0,0.0,
2024-12-12,SAP,DE0007164600,XETR,ETR,0,0.0,0.0,1813.800048828125,1839.000061,0.0,0.0,
2024-12-13,SAP,DE0007164600,XETR,ETR,0,0.0,0.0,1783.3999633789062,1839.000061,0.0,0.0,
2024-12-14,SAP,DE0007164600,XETR,ETR,0,0.0,0.0,1783.3999633789062,1839.000061,0.0,0.0,
2024-12-15,SAP,DE0007164600,XETR,ETR,0,0.0,0.0,1783.3999633789062,1839.000061,0.0,0.0,
2024-12-16,SAP,DE0007164600,XETR,ETR,0,0.0,0.0,1776.3999938964844,1839.000061,0.0,0.0,
2024-12-17,SAP,DE0007164600,XETR,ETR,0,0.0,0.0,1834.7999572753906,1839.000061,0.0,0.0,
2024-12-18,SAP,DE0007164600,XETR,ETR,0,0.0,0.0,1836.0000610351562,1839.000061,0.0,0.0,
2024-12-19,SAP,DE0007164600,XETR,ETR,0,0.0,0.0,1830.0,1839.000061,0.0,0.0,
2024-12-20,SAP,DE0007164600,XETR,ETR,0,0.0,0.0,1825.5999755859375,1839.000061,0.0,0.0,
2024-12-21,SAP,DE0007164600,XETR,ETR,0,0.0,0.0,1825.5999755859375,1839.000061,0.0,0.0,
2024-12-22,SAP,DE0007164600,XETR,ETR,0,0.0,0.0,1825.5999755859375,1839.000061,0.0,0.0,
2024-12-23,SAP,DE0007164600,XETR,ETR,0,0.0,0.0,1835.5999755859375,1839.000061,0.0,0.0,
2024-12-24,SAP,DE0007164600,XETR,ETR,0,0.0,0.0,1835.0,1839.000061,0.0,0.0,
2024-12-25,SAP,DE0007164600,XETR,ETR,0,0.0,0.0,1835.0,1839.000061,0.0,0.0,
2024-12-26,SAP,DE0007164600,XETR,ETR,0,0.0,0.0,1835.0,1839.000061,0.0,0.0,
2024-12-27,SAP,DE0007164600,XETR,ETR,0,0.0,0.0,1865.5999755859375,1839.000061,0.0,0.0,
2024-12-28,SAP,DE0007164600,XETR,ETR,0,0.0,0.0,1865.5999755859375,1839.000061,0.0,0.0,
2024-12-29,SAP,DE0007164600,XETR,ETR,0,0.0,0.0,1865.5999755859375,1839.000061,0.0,0.0,
2024-12-30,SAP,DE0007164600,XETR,ETR,0,0.0,0.0,1862.7999877929688,1839.000061,0.0,0.0,
2024-12-31,SAP,DE0007164600,XETR,ETR,0,0.0,0.0,1874.7999572753906,1839.000061,0.0,0.0,
2025-01-01,SAP,DE0007164600,XETR,ETR,0,0.0,0.0,1874.7999572753906,1839.000061,0.0,0.0,
2025-01-02,SAP,DE0007164600,XETR,ETR,0,0.0,0.0,1886.3999938964844,1839.000061,0.0,0.0,
2025-01-03,SAP,DE0007164600,XETR,ETR,0,0.0,0.0,1857.4000549316406,1839.000061,0.0,0.0,
2025-01-04,SAP,DE0007164600,XETR,ETR,0,0.0,0.0,1857.4000549316406,1839.000061,0.0,0.0,
2025-01-05,SAP,DE0007164600,XETR,ETR,0,0.0,0.0,6420.144958496094,6403.744965,0.0,0.0,
2025-01-06,SAP,DE0007164600,XETR,ETR,0,0.0,0.0,6609.8443603515625,6403.744965,0.0,0.0,
2025-01-07,SAP,DE0007164600,XETR,ETR,0,0.0,0.0,6644.881210327148,6403.744965,0.0,0.0,
2025-01-08,SAP,DE0007164600,XETR,ETR,0,0.0,0.0,6641.281204223633,6403.744965,0.0,0.0,
2025-01-09,SAP,DE0007164600,XETR,ETR,0,0.0,0.0,6728.632583618164,6403.744965,0.0,0.0,
2025-01-10,SAP,DE0007164600,XETR,ETR,0,0.0,0.0,6663.532485961914,6403.744965,0.0,0.0,
2025-01-11,SAP,DE0007164600,XETR,ETR,0,0.0,0.0,6663.532485961914,6403.744965,0.0,0.0,
2025-01-12,SAP,DE0007164600,XETR,ETR,0,0.0,0.0,6663.532485961914,6403.744965,0.0,0.0,
2025-01-13,SAP,DE0007164600,XETR,ETR,0,0.0,0.0,6618.486862182617,6403.744965,0.0,0.0,
2025-01-14,SAP,DE0007164600,XETR,ETR,0,0.0,0.0,6602.941207885742,6403.744965,0.0,0.0,
2025-01-15,SAP,DE0007164600,XETR,ETR,0,0.0,0.0,8556.515350341797,8269.14502,0.0,0.0,
2025-01-16,SAP,DE0007164600,XETR,ETR,0,0.0,0.0,8591.355209350586,8269.14502,0.0,0.0,
2025-01-17,SAP,DE0007164600,XETR,ETR,0,0.0,0.0,8737.453422546387,8269.14502,0.0,0.0,
2025-01-18,SAP,DE0007164600,XETR,ETR,0,0.0,0.0,8737.453422546387,8269.14502,0.0,0.0,
2025-01-19,SAP,DE0007164600,XETR,ETR,0,0.0,0.0,8737.453422546387,8269.14502,0.0,0.0,
2025-01-20,SAP,DE0007164600,XETR,ETR,0,0.0,0.0,20467.08179473877,19944.06641,0.0,0.0,
2025-01-21,SAP,DE0007164600,XETR,ETR,0,0.0,0.0,20639.252700805664,19944.06641,0.0,0.0,
2025-01-22,SAP,DE0007164600,XETR,ETR,0,0.0,0.0,20654.560050964355,19944.06641,0.0,0.0,
2025-01-23,SAP,DE0007164600,XETR,ETR,0,0.0,0.0,20948.618354797363,19944.06641,0.0,0.0,
2025-01-24,SAP,DE0007164600,XETR,ETR,0,0.0,0.0,20736.957244873047,19944.06641,0.0,0.0,
2025-01-25,SAP,DE0007164600,XETR,ETR,0,0.0,0.0,24242.557373046875,23452.666537999998,0.0,0.0,
2025-01-26,SAP,DE0007164600,XETR,ETR,0,0.0,0.0,24242.557373046875,23452.666537999998,0.0,0.0,
2025-01-27,SAP,DE0007164600,XETR,ETR,0,0.0,0.0,23954.43389892578,23452.666537999998,0.0,0.0,
2025-01-28,SAP,DE0007164600,XETR,ETR,0,0.0,0.0,24568.3504486084,24033.166537999998,0.0,0.0,
2025-01-29,SAP,DE0007164600,XETR,ETR,0,0.0,0.0,24945.533237457275,24033.166537999998,0.0,0.0,
2025-01-30,SAP,DE0007164600,XETR,ETR,0,0.0,0.0,25077.168045043945,24033.166537999998,0.0,0.0,
2025-01-31,SAP,DE0007164600,XETR,ETR,0,0.0,0.0,25227.365398406982,24033.166537999998,0.0,0.0,
2025-02-01,SAP,DE0007164600,XETR,ETR,0,0.0,0.0,25227.365398406982,24033.166537999998,0.0,0.0,
2025-02-02,SAP,DE0007164600,XETR,ETR,0,0.0,0.0,25227.365398406982,24033.166537999998,0.0,0.0,
2025-02-03,SAP,DE0007164600,XETR,ETR,0,0.0,0.0,24782.13918685913,24033.166537999998,0.0,0.0,
2025-02-04,SAP,DE0007164600,XETR,ETR,0,0.0,0.0,24904.28602218628,24033.166537999998,0.0,0.0,
2025-02-05,SAP,DE0007164600,XETR,ETR,0,0.0,0.0,24958.340854644775,24033.166537999998,0.0,0.0,
2025-02-06,SAP,DE0007164600,XETR,ETR,0,0.0,0.0,25693.00811767578,24033.166537999998,0.0,0.0,
2025-02-07,SAP,DE0007164600,XETR,ETR,0,0.0,0.0,25579.5707321167,24033.166537999998,0.0,0.0,
2025-02-08,SAP,DE0007164600,XETR,ETR,0,0.0,0.0,25579.5707321167,24033.166537999998,0.0,0.0,
2025-02-09,SAP,DE0007164600,XETR,ETR,0,0.0,0.0,25579.5707321167,24033.166537999998,0.0,0.0,
2025-02-10,SAP,DE0007164600,XETR,ETR,0,0.0,0.0,25526.985054016113,24033.166537999998,0.0,0.0,
2025-02-11,SAP,DE0007164600,XETR,ETR,0,0.0,0.0,25873.3504486084,24033.166537999998,0.0,0.0,
2025-02-12,SAP,DE0007164600,XETR,ETR,0,0.0,0.0,36300.32432556152,34395.270148,0.0,0.0,
2025-02-13,SAP,DE0007164600,XETR,ETR,0,0.0,0.0,36869.32024002075,34395.270148,0.0,0.0,
2025-02-14,SAP,DE0007164600,XETR,ETR,0,0.0,0.0,37051.28137588501,34395.270148,0.0,0.0,
2025-02-15,SAP,DE0007164600,XETR,ETR,0,0.0,0.0,42681.281299591064,40028.270072,0.0,0.0,
2025-02-16,SAP,DE0007164600,XETR,ETR,0,0.0,0.0,42681.281299591064,40028.270072,0.0,0.0,
2025-02-17,SAP,DE0007164600,XETR,ETR,0,0.0,0.0,43281.691875457764,40028.270072,0.0,0.0,
2025-02-18,SAP,DE0007164600,XETR,ETR,0,0.0,0.0,43380.00524520874,40028.270072,0.0,0.0,
2025-02-19,SAP,DE0007164600,XETR,ETR,0,0.0,0.0,42633.802337646484,40028.270072,0.0,0.0,
2025-02-20,SAP,DE0007164600,XETR,ETR,0,0.0,0.0,42462.97472000122,40028.270072,0.0,0.0,
2025-02-21,SAP,DE0007164600,XETR,ETR,0,0.0,0.0,42744.29636001587,40028.270072,0.0,0.0,
2025-02-22,SAP,DE0007164600,XETR,ETR,0,0.0,0.0,42744.29636001587,40028.270072,0.0,0.0,
2025-02-23,SAP,DE0007164600,XETR,ETR,0,0.0,0.0,42744.29636001587,40028.270072,0.0,0.0,
2025-02-24,SAP,DE0007164600,XETR,ETR,0,0.0,0.0,42167.77280807495,40028.270072,0.0,0.0,
2025-02-25,SAP,DE0007164600,XETR,ETR,30,8175.999817,8171.999816894531,50195.836334228516,48204.269889,16.28023440526291,-4.000000105468644,-0.04892368144568225
2025-02-26,SAP,DE0007164600,XETR,ETR,30,8175.999817,8256.000366210938,51523.90069961548,48204.269889,16.02363224466146,80.0005492109376,0.9784803204691365
2025-02-27,SAP,DE0007164600,XETR,ETR,30,8175.999817,8025.0,50686.499938964844,48204.269889,15.83261817182773,-150.9998169999999,-1.8468666876194462
2025-02-28,SAP,DE0007164600,XETR,ETR,30,8175.999817,7958.9996337890625,51078.348903656006,48204.269889,15.581943826730441,-217.0001832109374,-2.654111889285251
2025-03-01,SAP,DE0007164600,XETR,ETR,30,8175.999817,7958.9996337890625,85008.34768295288,82139.27866899999,9.362609497449528,-217.0001832109374,-2.654111889285251
2025-03-02,SAP,DE0007164600,XETR,ETR,30,8175.999817,7958.9996337890625,85008.34768295288,82139.27866899999,9.362609497449528,-217.0001832109374,-2.654111889285251
2025-03-03,SAP,DE0007164600,XETR,ETR,30,8175.999817,8146.4996337890625,86471.99890136719,82139.27866899999,9.420968333438468,-29.500183210937394,-0.36081438198664034
2025-03-04,SAP,DE0007164600,XETR,ETR,30,8175.999817,7768.5003662109375,82562.44066238403,82139.27866899999,9.409242633678968,-407.4994507890624,-4.984093198507252
2025-03-05,SAP,DE0007164600,XETR,ETR,30,8175.999817,7941.0003662109375,85745.30204772949,82139.27866899999,9.261149213505176,-234.9994507890624,-2.87425949179253
2025-03-06,SAP,DE0007164600,XETR,ETR,30,8175.999817,7840.500183105469,86994.65003967285,82139.27866899999,9.012623396415647,-335.49963389453114,-4.1034691952529325
2025-03-07,SAP,DE0007164600,XETR,ETR,30,8175.999817,7630.500183105469,85299.55060958862,82139.27866899999,8.94553386105145,-545.4996338945311,-6.671962403427377
2025-03-08,SAP,DE0007164600,XETR,ETR,30,8175.999817,7630.500183105469,85299.55060958862,82139.27866899999,8.94553386105145,-545.4996338945311,-6.671962403427377
2025-03-09,SAP,DE0007164600,XETR,ETR,30,8175.999817,7630.500183105469,85299.55060958862,82139.27866899999,8.94553386105145,-545.4996338945311,-6.671962403427377
2025-03-10,SAP,DE0007164600,XETR,ETR,30,8175.999817,7265.999908447266,82330.8490562439,82139.27866899999,8.825367394770259,-909.9999085527343,-11.130136116938399
2025-03-11,SAP,DE0007164600,XETR,ETR,30,8175.999817,7159.499816894531,81149.79913711548,82139.27866899999,8.822572443829984,-1016.5000001054686,-12.432730220858183
2025-03-12,SAP,DE0007164600,XETR,ETR,30,8175.999817,7276.500091552734,82603.50116729736,82139.27866899999,8.80894875970886,-899.4997254472655,-11.001709216981329
2025-03-13,SAP,DE0007164600,XETR,ETR,30,8175.999817,7106.999816894531,82118.90142440796,82139.27866899999,8.654523737676474,-1069.0000001054686,-13.074853522901794
2025-03-14,SAP,DE0007164600,XETR,ETR,30,8175.999817,7278.000183105469,83803.35090637207,82139.27866899999,8.684617147632553,-897.9996338945311,-10.983361717148766
2025-03-15,SAP,DE0007164600,XETR,ETR,30,8175.999817,7278.000183105469,83803.35090637207,82139.27866899999,8.684617147632553,-897.9996338945311,-10.983361717148766
2025-03-16,SAP,DE0007164600,XETR,ETR,30,8175.999817,7278.000183105469,83803.35090637207,82139.27866899999,8.684617147632553,-897.9996338945311,-10.983361717148766
2025-03-17,SAP,DE0007164600,XETR,ETR,30,8175.999817,7278.000183105469,84476.10006332397,82139.27866899999,8.615454758978954,-897.9996338945311,-10.983361717148766
2025-03-18,SAP,DE0007164600,XETR,ETR,30,8175.999817,7400.999908447266,85554.75082397461,82139.27866899999,8.650600740658481,-774.9999085527343,-9.478961911683397
2025-03-19,SAP,DE0007164600,XETR,ETR,30,8175.999817,7450.500183105469,86017.64862060547,82139.27866899999,8.661594803604881,-725.4996338945311,-8.873528010434043
2025-03-20,SAP,DE0007164600,XETR,ETR,30,8175.999817,7504.499816894531,85536.64892196655,82139.27866899999,8.773432103636353,-671.5000001054686,-8.213062807428738
2025-03-21,SAP,DE0007164600,XETR,ETR,30,8175.999817,7558.499908447266,84257.70147323608,82139.27866899999,8.97069321413684,-617.4999085527343,-7.5525920055525635
2025-03-22,SAP,DE0007164600,XETR,ETR,30,8175.999817,7558.499908447266,84257.70147323608,82139.27866899999,8.97069321413684,-617.4999085527343,-7.5525920055525635
2024-12-05,Siemens,DE0007236101,XETR,ETR,0,0.0,0.0,1836.0000610351562,1839.000061,0.0,0.0,
2024-12-06,Siemens,DE0007236101,XETR,ETR,0,0.0,0.0,1843.6000061035156,1839.000061,0.0,0.0,
2024-12-07,Siemens,DE0007236101,XETR,ETR,0,0.0,0.0,1843.6000061035156,1839.000061,0.0,0.0,
2024-12-08,Siemens,DE0007236101,XETR,ETR,0,0.0,0.0,1843.6000061035156,1839.000061,0.0,0.0,
2024-12-09,Siemens,DE0007236101,XETR,ETR,0,0.0,0.0,1836.3999938964844,1839.000061,0.0,0.0,
2024-12-10,Siemens,DE0007236101,XETR,ETR,0,0.0,0.0,1835.0,1839.000061,0.0,0.0,
2024-12-11,Siemens,DE0007236101,XETR,ETR,0,0.0,0.0,1825.8000183105469,1839.000061,0.0,0.0,
2024-12-12,Siemens,DE0007236101,XETR,ETR,0,0.0,0.0,1813.800048828125,1839.000061,0.0,0.0,
2024-12-13,Siemens,DE0007236101,XETR,ETR,0,0.0,0.0,1783.3999633789062,1839.000061,0.0,0.0,
2024-12-14,Siemens,DE0007236101,XETR,ETR,0,0.0,0.0,1783.3999633789062,1839.000061,0.0,0.0,
2024-12-15,Siemens,DE0007236101,XETR,ETR,0,0.0,0.0,1783.3999633789062,1839.000061,0.0,0.0,
2024-12-16,Siemens,DE0007236101,XETR,ETR,0,0.0,0.0,1776.3999938964844,1839.000061,0.0,0.0,
2024-12-17,Siemens,DE0007236101,XETR,ETR,0,0.0,0.0,1834.7999572753906,1839.000061,0.0,0.0,
2024-12-18,Siemens,DE0007236101,XETR,ETR,0,0.0,0.0,1836.0000610351562,1839.000061,0.0,0.0,
2024-12-19,Siemens,DE0007236101,XETR,ETR,0,0.0,0.0,1830.0,1839.000061,0.0,0.0,
2024-12-20,Siemens,DE0007236101,XETR,ETR,0,0.0,0.0,1825.5999755859375,1839.000061,0.0,0.0,
2024-12-21,Siemens,DE0007236101,XETR,ETR,0,0.0,0.0,1825.5999755859375,1839.000061,0.0,0.0,
2024-12-22,Siemens,DE0007236101,XETR,ETR,0,0.0,0.0,1825.5999755859375,1839.000061,0.0,0.0,
2024-12-23,Siemens,DE0007236101,XETR,ETR,0,0.0,0.0,1835.5999755859375,1839.000061,0.0,0.0,
2024-12-24,Siemens,DE0007236101,XETR,ETR,0,0.0,0.0,1835.0,1839.000061,0.0,0.0,
2024-12-25,Siemens,DE0007236101,XETR,ETR,0,0.0,0.0,1835.0,1839.000061,0.0,0.0,
2024-12-26,Siemens,DE0007236101,XETR,ETR,0,0.0,0.0,1835.0,1839.000061,0.0,0.0,
2024-12-27,Siemens,DE0007236101,XETR,ETR,0,0.0,0.0,1865.5999755859375,1839.000061,0.0,0.0,
2024-12-28,Siemens,DE0007236101,XETR,ETR,0,0.0,0.0,1865.5999755859375,1839.000061,0.0,0.0,
2024-12-29,Siemens,DE0007236101,XETR,ETR,0,0.0,0.0,1865.5999755859375,1839.000061,0.0,0.0,
2024-12-30,Siemens,DE0007236101,XETR,ETR,0,0.0,0.0,1862.7999877929688,1839.000061,0.0,0.0,
2024-12-31,Siemens,DE0007236101,XETR,ETR,0,0.0,0.0,1874.7999572753906,1839.000061,0.0,0.0,
2025-01-01,Siemens,DE0007236101,XETR,ETR,0,0.0,0.0,1874.7999572753906,1839.000061,0.0,0.0,
2025-01-02,Siemens,DE0007236101,XETR,ETR,0,0.0,0.0,1886.3999938964844,1839.000061,0.0,0.0,
2025-01-03,Siemens,DE0007236101,XETR,ETR,0,0.0,0.0,1857.4000549316406,1839.000061,0.0,0.0,
2025-01-04,Siemens,DE0007236101,XETR,ETR,0,0.0,0.0,1857.4000549316406,1839.000061,0.0,0.0,
2025-01-05,Siemens,DE0007236101,XETR,ETR,25,4564.744904,4562.744903564453,6420.144958496094,6403.744965,71.06918820464246,-2.0000004355470082,-0.04381406798426885
2025-01-06,Siemens,DE0007236101,XETR,ETR,25,4564.744904,4716.644287109375,6609.8443603515625,6403.744965,71.35787213692439,151.89938310937487,3.3276642244842267
2025-01-07,Siemens,DE0007236101,XETR,ETR,25,4564.744904,4727.881240844727,6644.881210327148,6403.744965,71.15072626876889,163.13633684472643,3.5738324983236875
2025-01-08,Siemens,DE0007236101,XETR,ETR,25,4564.744904,4727.881240844727,6641.281204223633,6403.744965,71.18929458728464,163.13633684472643,3.5738324983236875
2025-01-09,Siemens,DE0007236101,XETR,ETR,25,4564.744904,4802.632522583008,6728.632583618164,6403.744965,71.3760554302774,237.88761858300768,5.211411011698622
2025-01-10,Siemens,DE0007236101,XETR,ETR,25,4564.744904,4751.332473754883,6663.532485961914,6403.744965,71.3035088185513,186.58756975488268,4.087579342963492
2025-01-11,Siemens,DE0007236101,XETR,ETR,25,4564.744904,4751.332473754883,6663.532485961914,6403.744965,71.3035088185513,186.58756975488268,4.087579342963492
2025-01-12,Siemens,DE0007236101,XETR,ETR,25,4564.744904,4751.332473754883,6663.532485961914,6403.744965,71.3035088185513,186.58756975488268,4.087579342963492
2025-01-13,Siemens,DE0007236101,XETR,ETR,25,4564.744904,4719.086837768555,6618.486862182617,6403.744965,71.3015971178088,154.34193376855455,3.3811732531495378
2025-01-14,Siemens,DE0007236101,XETR,ETR,25,4564.744904,4738.141250610352,6602.941207885742,6403.744965,71.7580408705093,173.39634661035143,3.798598832070714
2025-01-15,Siemens,DE0007236101,XETR,ETR,25,4564.744904,4777.715301513672,8556.515350341797,8269.14502,55.83716157679566,212.97039751367174,4.665548721617495
2025-01-16,Siemens,DE0007236101,XETR,ETR,25,4564.744904,4767.455291748047,8591.355209350586,8269.14502,55.491306965858946,202.71038774804674,4.440782387870469
2025-01-17,Siemens,DE0007236101,XETR,ETR,25,4564.744904,4906.453323364258,8737.453422546387,8269.14502,56.154271571891854,341.7084193642577,7.485816328198866
2025-01-18,Siemens,DE0007236101,XETR,ETR,25,4564.744904,4906.453323364258,8737.453422546387,8269.14502,56.154271571891854,341.7084193642577,7.485816328198866
2025-01-19,Siemens,DE0007236101,XETR,ETR,25,4564.744904,4906.453323364258,8737.453422546387,8269.14502,56.154271571891854,341.7084193642577,7.485816328198866
2025-01-20,Siemens,DE0007236101,XETR,ETR,25,4564.744904,4929.660415649414,20467.08179473877,19944.06641,24.08580014038261,364.91551164941393,7.994214777032674
2025-01-21,Siemens,DE0007236101,XETR,ETR,25,4564.744904,4929.660415649414,20639.252700805664,19944.06641,23.884878426131106,364.91551164941393,7.994214777032674
2025-01-22,Siemens,DE0007236101,XETR,ETR,25,4564.744904,5060.352325439453,20654.560050964355,19944.06641,24.499927923679916,495.607421439453,10.857286263798915
2025-01-23,Siemens,DE0007236101,XETR,ETR,25,4564.744904,5105.5450439453125,20948.618354797363,19944.06641,24.371750716324026,540.8001399453124,11.84732446869965
2025-01-24,Siemens,DE0007236101,XETR,ETR,25,4564.744904,5105.5450439453125,20736.957244873047,19944.06641,24.62051198570897,540.8001399453124,11.84732446869965
2025-01-25,Siemens,DE0007236101,XETR,ETR,25,4564.744904,5105.5450439453125,24242.557373046875,23452.666537999998,21.06025765095934,540.8001399453124,11.84732446869965
2025-01-26,Siemens,DE0007236101,XETR,ETR,25,4564.744904,5105.5450439453125,24242.557373046875,23452.666537999998,21.06025765095934,540.8001399453124,11.84732446869965
2025-01-27,Siemens,DE0007236101,XETR,ETR,25,4564.744904,4919.888687133789,23954.43389892578,23452.666537999998,20.538530394385223,355.14378313378893,7.780145234897641
2025-01-28,Siemens,DE0007236101,XETR,ETR,25,4564.744904,4886.910629272461,24568.3504486084,24033.166537999998,19.89108157462507,322.1657252724608,7.0576939576656965
2025-01-29,Siemens,DE0007236101,XETR,ETR,25,4564.744904,4967.524337768555,24945.533237457275,24033.166537999998,19.913482267476677,402.77943376855455,8.823700825332134
2025-01-30,Siemens,DE0007236101,XETR,ETR,25,4564.744904,5011.495208740234,25077.168045043945,24033.166537999998,19.984294876273587,446.75030474023424,9.786971980597544
2025-01-31,Siemens,DE0007236101,XETR,ETR,25,4564.744904,5067.680740356445,25227.365398406982,24033.166537999998,20.08803004326584,502.9358363564452,11.017830063531742
2025-02-01,Siemens,DE0007236101,XETR,ETR,25,4564.744904,5067.680740356445,25227.365398406982,24033.166537999998,20.08803004326584,502.9358363564452,11.017830063531742
2025-02-02,Siemens,DE0007236101,XETR,ETR,25,4564.744904,5067.680740356445,25227.365398406982,24033.166537999998,20.08803004326584,502.9358363564452,11.017830063531742
2025-02-03,Siemens,DE0007236101,XETR,ETR,25,4564.744904,4936.988830566406,24782.13918685913,24033.166537999998,19.921560416318993,372.2439265664061,8.1547585767655
2025-02-04,Siemens,DE0007236101,XETR,ETR,25,4564.744904,4930.881881713867,24904.28602218628,24033.166537999998,19.799330433810198,366.13697771386705,8.020973469799554
2025-02-05,Siemens,DE0007236101,XETR,ETR,25,4564.744904,4916.224670410156,24958.340854644775,24033.166537999998,19.69772229268694,351.4797664101561,7.699877513465451
2025-02-06,Siemens,DE0007236101,XETR,ETR,25,4564.744904,5082.337951660156,25693.00811767578,24033.166537999998,19.781015630332934,517.5930476601561,11.338926019865843
2025-02-07,Siemens,DE0007236101,XETR,ETR,25,4564.744904,5067.680740356445,25579.5707321167,24033.166537999998,19.8114377814545,502.9358363564452,11.017830063531742
2025-02-08,Siemens,DE0007236101,XETR,ETR,25,4564.744904,5067.680740356445,25579.5707321167,24033.166537999998,19.8114377814545,502.9358363564452,11.017830063531742
2025-02-09,Siemens,DE0007236101,XETR,ETR,25,4564.744904,5067.680740356445,25579.5707321167,24033.166537999998,19.8114377814545,502.9358363564452,11.017830063531742
2025-02-10,Siemens,DE0007236101,XETR,ETR,25,4564.744904,5067.680740356445,25526.985054016113,24033.166537999998,19.8522494122711,502.9358363564452,11.017830063531742
2025-02-11,Siemens,DE0007236101,XETR,ETR,25,4564.744904,5249.672698974609,25873.3504486084,24033.166537999998,20.28988363684056,684.9277949746092,15.004733219033115
2025-02-12,Siemens,DE0007236101,XETR,ETR,75,14926.848514000001,15540.155410766602,36300.32432556152,34395.270148,42.80996299480366,613.3068967666004,4.108750056593496
2025-02-13,Siemens,DE0007236101,XETR,ETR,75,14926.848514000001,16668.74885559082,36869.32024002075,34395.270148,45.21035035925967,1741.9003415908192,11.6695787456882
2025-02-14,Siemens,DE0007236101,XETR,ETR,75,14926.848514000001,16889.999771118164,37051.28137588501,34395.270148,45.585467341248545,1963.151257118163,13.151813360180542
2025-02-15,Siemens,DE0007236101,XETR,ETR,100,20559.848438,22519.99969482422,42681.281299591064,40028.270072,52.76317628974271,1960.1512568242179,9.533879895735726
2025-02-16,Siemens,DE0007236101,XETR,ETR,100,20559.848438,22519.99969482422,42681.281299591064,40028.270072,52.76317628974271,1960.1512568242179,9.533879895735726
2025-02-17,Siemens,DE0007236101,XETR,ETR,100,20559.848438,22700.0,43281.691875457764,40028.270072,52.44711797616141,2140.151561999999,10.409374215251688
2025-02-18,Siemens,DE0007236101,XETR,ETR,100,20559.848438,22619.99969482422,43380.00524520874,40028.270072,52.14383808153773,2060.151256824218,10.020264804172959
2025-02-19,Siemens,DE0007236101,XETR,ETR,100,20559.848438,22035.000610351562,42633.802337646484,40028.270072,51.68434294422345,1475.1521723515616,7.174917542801983
2025-02-20,Siemens,DE0007236101,XETR,ETR,100,20559.848438,22125.0,42462.97472000122,40028.270072,52.10421583954297,1565.151561999999,7.612660991737603
2025-02-21,Siemens,DE0007236101,XETR,ETR,100,20559.848438,22144.99969482422,42744.29636001587,40028.270072,51.808081032161354,1585.1512568242179,7.709936489096106
2025-02-22,Siemens,DE0007236101,XETR,ETR,100,20559.848438,22144.99969482422,42744.29636001587,40028.270072,51.808081032161354,1585.1512568242179,7.709936489096106
2025-02-23,Siemens,DE0007236101,XETR,ETR,100,20559.848438,22144.99969482422,42744.29636001587,40028.270072,51.808081032161354,1585.1512568242179,7.709936489096106
2025-02-24,Siemens,DE0007236101,XETR,ETR,100,20559.848438,21810.000610351562,42167.77280807495,40028.270072,51.72196480383009,1250.1521723515616,6.080551498818211
2025-02-25,Siemens,DE0007236101,XETR,ETR,100,20559.848438,21660.000610351562,50195.836334228516,48204.269889,43.1509905844155,1100.1521723515616,5.350974136162363
2025-02-26,Siemens,DE0007236101,XETR,ETR,100,20559.848438,22344.99969482422,51523.90069961548,48204.269889,43.36822210937725,1785.1512568242179,8.682706305970571
2025-02-27,Siemens,DE0007236101,XETR,ETR,100,20559.848438,22060.000610351562,50686.499938964844,48204.269889,43.52243819738106,1500.1521723515616,7.296513769911292
2025-02-28,Siemens,DE0007236101,XETR,ETR,100,20559.848438,22119.99969482422,51078.348903656006,48204.269889,43.30601941841732,1560.1512568242179,7.588340261986798
2025-03-01,Siemens,DE0007236101,XETR,ETR,100,20559.848438,22119.99969482422,85008.34768295288,82139.27866899999,26.020973584056666,1560.1512568242179,7.588340261986798
2025-03-02,Siemens,DE0007236101,XETR,ETR,100,20559.848438,22119.99969482422,85008.34768295288,82139.27866899999,26.020973584056666,1560.1512568242179,7.588340261986798
2025-03-03,Siemens,DE0007236101,XETR,ETR,100,20559.848438,22594.99969482422,86471.99890136719,82139.27866899999,26.129845478184006,2035.1512568242179,9.89866857706365
2025-03-04,Siemens,DE0007236101,XETR,ETR,100,20559.848438,21330.00030517578,82562.44066238403,82139.27866899999,25.83499244214308,770.1518671757804,3.745902453990553
2025-03-05,Siemens,DE0007236101,XETR,ETR,100,20559.848438,23155.00030517578,85745.30204772949,82139.27866899999,27.004395287203863,2595.1518671757804,12.622427032970037
2025-03-06,Siemens,DE0007236101,XETR,ETR,100,20559.848438,24300.0,86994.65003967285,82139.27866899999,27.93275217374664,3740.151561999999,18.1915327502474
2025-03-07,Siemens,DE0007236101,XETR,ETR,100,20559.848438,23430.00030517578,85299.55060958862,82139.27866899999,27.46790591243981,2870.1518671757804,13.959985531172428
2025-03-08,Siemens,DE0007236101,XETR,ETR,100,20559.848438,23430.00030517578,85299.55060958862,82139.27866899999,27.46790591243981,2870.1518671757804,13.959985531172428
2025-03-09,Siemens,DE0007236101,XETR,ETR,100,20559.848438,23430.00030517578,85299.55060958862,82139.27866899999,27.46790591243981,2870.1518671757804,13.959985531172428
2025-03-10,Siemens,DE0007236101,XETR,ETR,100,20559.848438,22839.999389648438,82330.8490562439,82139.27866899999,27.741727009332077,2280.1509516484366,11.090310118405924
2025-03-11,Siemens,DE0007236101,XETR,ETR,100,20559.848438,22319.99969482422,81149.79913711548,82139.27866899999,27.504688775767683,1760.1512568242179,8.561110078861262
2025-03-12,Siemens,DE0007236101,XETR,ETR,100,20559.848438,22685.000610351562,82603.50116729736,82139.27866899999,27.46251707225762,2125.1521723515616,10.336419447643992
2025-03-13,Siemens,DE0007236101,XETR,ETR,100,20559.848438,22650.0,82118.90142440796,82139.27866899999,27.581956902881565,2090.151561999999,10.166181761033071
2025-03-14,Siemens,DE0007236101,XETR,ETR,100,20559.848438,23175.0,83803.35090637207,82139.27866899999,27.654025464795424,2615.151561999999,12.719702530328542
2025-03-15,Siemens,DE0007236101,XETR,ETR,100,20559.848438,23175.0,83803.35090637207,82139.27866899999,27.654025464795424,2615.151561999999,12.719702530328542
2025-03-16,Siemens,DE0007236101,XETR,ETR,100,20559.848438,23175.0,83803.35090637207,82139.27866899999,27.654025464795424,2615.151561999999,12.719702530328542
2025-03-17,Siemens,DE0007236101,XETR,ETR,100,20559.848438,23430.00030517578,84476.10006332397,82139.27866899999,27.735655750694534,2870.1518671757804,13.959985531172428
2025-03-18,Siemens,DE0007236101,XETR,ETR,100,20559.848438,23700.0,85554.75082397461,82139.27866899999,27.701559260878195,3140.151561999999,15.273223299624009
2025-03-19,Siemens,DE0007236101,XETR,ETR,100,20559.848438,23669.99969482422,86017.64862060547,82139.27866899999,27.51760839130179,3110.151256824218,15.127306342763896
2025-03-20,Siemens,DE0007236101,XETR,ETR,100,20559.848438,23444.99969482422,85536.64892196655,82139.27866899999,27.409303486056185,2885.151256824218,14.032940298780122
2025-03-21,Siemens,DE0007236101,XETR,ETR,100,20559.848438,22885.000610351562,84257.70147323608,82139.27866899999,27.160722652303583,2325.1521723515616,11.309189264518455
2025-03-22,Siemens,DE0007236101,XETR,ETR,100,20559.848438,22885.000610351562,84257.70147323608,82139.27866899999,27.160722652303583,2325.1521723515616,11.309189264518455
2024-12-05,Deutsche Bank,DE0005140008,XETR,ETR,0,0.0,0.0,1836.0000610351562,1839.000061,0.0,0.0,
2024-12-06,Deutsche Bank,DE0005140008,XETR,ETR,0,0.0,0.0,1843.6000061035156,1839.000061,0.0,0.0,
2024-12-07,Deutsche Bank,DE0005140008,XETR,ETR,0,0.0,0.0,1843.6000061035156,1839.000061,0.0,0.0,
2024-12-08,Deutsche Bank,DE0005140008,XETR,ETR,0,0.0,0.0,1843.6000061035156,1839.000061,0.0,0.0,
2024-12-09,Deutsche Bank,DE0005140008,XETR,ETR,0,0.0,0.0,1836.3999938964844,1839.000061,0.0,0.0,
2024-12-10,Deutsche Bank,DE0005140008,XETR,ETR,0,0.0,0.0,1835.0,1839.000061,0.0,0.0,
2024-12-11,Deutsche Bank,DE0005140008,XETR,ETR,0,0.0,0.0,1825.8000183105469,1839.000061,0.0,0.0,
2024-12-12,Deutsche Bank,DE0005140008,XETR,ETR,0,0.0,0.0,1813.800048828125,1839.000061,0.0,0.0,
2024-12-13,Deutsche Bank,DE0005140008,XETR,ETR,0,0.0,0.0,1783.3999633789062,1839.000061,0.0,0.0,
2024-12-14,Deutsche Bank,DE0005140008,XETR,ETR,0,0.0,0.0,1783.3999633789062,1839.000061,0.0,0.0,
2024-12-15,Deutsche Bank,DE0005140008,XETR,ETR,0,0.0,0.0,1783.3999633789062,1839.000061,0.0,0.0,
2024-12-16,Deutsche Bank,DE0005140008,XETR,ETR,0,0.0,0.0,1776.3999938964844,1839.000061,0.0,0.0,
2024-12-17,Deutsche Bank,DE0005140008,XETR,ETR,0,0.0,0.0,1834.7999572753906,1839.000061,0.0,0.0,
2024-12-18,Deutsche Bank,DE0005140008,XETR,ETR,0,0.0,0.0,1836.0000610351562,1839.000061,0.0,0.0,
2024-12-19,Deutsche Bank,DE0005140008,XETR,ETR,0,0.0,0.0,1830.0,1839.000061,0.0,0.0,
2024-12-20,Deutsche Bank,DE0005140008,XETR,ETR,0,0.0,0.0,1825.5999755859375,1839.000061,0.0,0.0,
2024-12-21,Deutsche Bank,DE0005140008,XETR,ETR,0,0.0,0.0,1825.5999755859375,1839.000061,0.0,0.0,
2024-12-22,Deutsche Bank,DE0005140008,XETR,ETR,0,0.0,0.0,1825.5999755859375,1839.000061,0.0,0.0,
2024-12-23,Deutsche Bank,DE0005140008,XETR,ETR,0,0.0,0.0,1835.5999755859375,1839.000061,0.0,0.0,
2024-12-24,Deutsche Bank,DE0005140008,XETR,ETR,0,0.0,0.0,1835.0,1839.000061,0.0,0.0,
2024-12-25,Deutsche Bank,DE0005140008,XETR,ETR,0,0.0,0.0,1835.0,1839.000061,0.0,0.0,
2024-12-26,Deutsche Bank,DE0005140008,XETR,ETR,0,0.0,0.0,1835.0,1839.000061,0.0,0.0,
2024-12-27,Deutsche Bank,DE0005140008,XETR,ETR,0,0.0,0.0,1865.5999755859375,1839.000061,0.0,0.0,
2024-12-28,Deutsche Bank,DE0005140008,XETR,ETR,0,0.0,0.0,1865.5999755859375,1839.000061,0.0,0.0,
2024-12-29,Deutsche Bank,DE0005140008,XETR,ETR,0,0.0,0.0,1865.5999755859375,1839.000061,0.0,0.0,
2024-12-30,Deutsche Bank,DE0005140008,XETR,ETR,0,0.0,0.0,1862.7999877929688,1839.000061,0.0,0.0,
2024-12-31,Deutsche Bank,DE0005140008,XETR,ETR,0,0.0,0.0,1874.7999572753906,1839.000061,0.0,0.0,
2025-01-01,Deutsche Bank,DE0005140008,XETR,ETR,0,0.0,0.0,1874.7999572753906,1839.000061,0.0,0.0,
2025-01-02,Deutsche Bank,DE0005140008,XETR,ETR,0,0.0,0.0,1886.3999938964844,1839.000061,0.0,0.0,
2025-01-03,Deutsche Bank,DE0005140008,XETR,ETR,0,0.0,0.0,1857.4000549316406,1839.000061,0.0,0.0,
2025-01-04,Deutsche Bank,DE0005140008,XETR,ETR,0,0.0,0.0,1857.4000549316406,1839.000061,0.0,0.0,
2025-01-05,Deutsche Bank,DE0005140008,XETR,ETR,0,0.0,0.0,6420.144958496094,6403.744965,0.0,0.0,
2025-01-06,Deutsche Bank,DE0005140008,XETR,ETR,0,0.0,0.0,6609.8443603515625,6403.744965,0.0,0.0,
2025-01-07,Deutsche Bank,DE0005140008,XETR,ETR,0,0.0,0.0,6644.881210327148,6403.744965,0.0,0.0,
2025-01-08,Deutsche Bank,DE0005140008,XETR,ETR,0,0.0,0.0,6641.281204223633,6403.744965,0.0,0.0,
2025-01-09,Deutsche Bank,DE0005140008,XETR,ETR,0,0.0,0.0,6728.632583618164,6403.744965,0.0,0.0,
2025-01-10,Deutsche Bank,DE0005140008,XETR,ETR,0,0.0,0.0,6663.532485961914,6403.744965,0.0,0.0,
2025-01-11,Deutsche Bank,DE0005140008,XETR,ETR,0,0.0,0.0,6663.532485961914,6403.744965,0.0,0.0,
2025-01-12,Deutsche Bank,DE0005140008,XETR,ETR,0,0.0,0.0,6663.532485961914,6403.744965,0.0,0.0,
2025-01-13,Deutsche Bank,DE0005140008,XETR,ETR,0,0.0,0.0,6618.486862182617,6403.744965,0.0,0.0,
2025-01-14,Deutsche Bank,DE0005140008,XETR,ETR,0,0.0,0.0,6602.941207885742,6403.744965,0.0,0.0,
2025-01-15,Deutsche Bank,DE0005140008,XETR,ETR,0,0.0,0.0,8556.515350341797,8269.14502,0.0,0.0,
2025-01-16,Deutsche Bank,DE0005140008,XETR,ETR,0,0.0,0.0,8591.355209350586,8269.14502,0.0,0.0,
2025-01-17,Deutsche Bank,DE0005140008,XETR,ETR,0,0.0,0.0,8737.453422546387,8269.14502,0.0,0.0,
2025-01-18,Deutsche Bank,DE0005140008,XETR,ETR,0,0.0,0.0,8737.453422546387,8269.14502,0.0,0.0,
2025-01-19,Deutsche Bank,DE0005140008,XETR,ETR,0,0.0,0.0,8737.453422546387,8269.14502,0.0,0.0,
2025-01-20,Deutsche Bank,DE0005140008,XETR,ETR,0,0.0,0.0,20467.08179473877,19944.06641,0.0,0.0,
2025-01-21,Deutsche Bank,DE0005140008,XETR,ETR,0,0.0,0.0,20639.252700805664,19944.06641,0.0,0.0,
2025-01-22,Deutsche Bank,DE0005140008,XETR,ETR,0,0.0,0.0,20654.560050964355,19944.06641,0.0,0.0,
2025-01-23,Deutsche Bank,DE0005140008,XETR,ETR,0,0.0,0.0,20948.618354797363,19944.06641,0.0,0.0,
2025-01-24,Deutsche Bank,DE0005140008,XETR,ETR,0,0.0,0.0,20736.957244873047,19944.06641,0.0,0.0,
2025-01-25,Deutsche Bank,DE0005140008,XETR,ETR,0,0.0,0.0,24242.557373046875,23452.666537999998,0.0,0.0,
2025-01-26,Deutsche Bank,DE0005140008,XETR,ETR,0,0.0,0.0,24242.557373046875,23452.666537999998,0.0,0.0,
2025-01-27,Deutsche Bank,DE0005140008,XETR,ETR,0,0.0,0.0,23954.43389892578,23452.666537999998,0.0,0.0,
2025-01-28,Deutsche Bank,DE0005140008,XETR,ETR,30,580.5,577.5,24568.3504486084,24033.166537999998,2.350585161213828,-3.0,-0.516795865633075
2025-01-29,Deutsche Bank,DE0005140008,XETR,ETR,30,580.5,585.7200050354004,24945.533237457275,24033.166537999998,2.347995528738208,5.220005035400391,0.8992256736262517
2025-01-30,Deutsche Bank,DE0005140008,XETR,ETR,30,580.5,566.879997253418,25077.168045043945,24033.166537999998,2.2605423237391897,-13.620002746582031,-2.3462537031149067
2025-01-31,Deutsche Bank,DE0005140008,XETR,ETR,30,580.5,568.2000160217285,25227.365398406982,24033.166537999998,2.2523161140624235,-12.299983978271484,-2.1188602891079213
2025-02-01,Deutsche Bank,DE0005140008,XETR,ETR,30,580.5,568.2000160217285,25227.365398406982,24033.166537999998,2.2523161140624235,-12.299983978271484,-2.1188602891079213
2025-02-02,Deutsche Bank,DE0005140008,XETR,ETR,30,580.5,568.2000160217285,25227.365398406982,24033.166537999998,2.2523161140624235,-12.299983978271484,-2.1188602891079213
2025-02-03,Deutsche Bank,DE0005140008,XETR,ETR,30,580.5,550.319995880127,24782.13918685913,24033.166537999998,2.2206315271279617,-30.180004119873047,-5.198967117979853
2025-02-04,Deutsche Bank,DE0005140008,XETR,ETR,30,580.5,546.5999794006348,24904.28602218628,24033.166537999998,2.194802850054363,-33.900020599365234,-5.839796830209343
2025-02-05,Deutsche Bank,DE0005140008,XETR,ETR,30,580.5,542.2199821472168,24958.340854644775,24033.166537999998,2.1725001085010387,-38.2800178527832,-6.594318320892886
2025-02-06,Deutsche Bank,DE0005140008,XETR,ETR,30,580.5,560.4599761962891,25693.00811767578,24033.166537999998,2.1813715763811814,-20.040023803710938,-3.4522004829820734
2025-02-07,Deutsche Bank,DE0005140008,XETR,ETR,30,580.5,557.7599716186523,25579.5707321167,24033.166537999998,2.180489959975563,-22.740028381347656,-3.9173175506197513
2025-02-08,Deutsche Bank,DE0005140008,XETR,ETR,30,580.5,557.7599716186523,25579.5707321167,24033.166537999998,2.180489959975563,-22.740028381347656,-3.9173175506197513
2025-02-09,Deutsche Bank,DE0005140008,XETR,ETR,30,580.5,557.7599716186523,25579.5707321167,24033.166537999998,2.180489959975563,-22.740028381347656,-3.9173175506197513
2025-02-10,Deutsche Bank,DE0005140008,XETR,ETR,30,580.5,557.7599716186523,25526.985054016113,24033.166537999998,2.1849817768859507,-22.740028381347656,-3.9173175506197513
2025-02-11,Deutsche Bank,DE0005140008,XETR,ETR,30,580.5,563.7599945068359,25873.3504486084,24033.166537999998,2.17892149540748,-16.740005493164062,-2.88372187651405
2025-02-12,Deutsche Bank,DE0005140008,XETR,ETR,30,580.5,576.6600036621094,36300.32432556152,34395.270148,1.5885808580945484,-3.839996337890625,-0.6614980771560077
2025-02-13,Deutsche Bank,DE0005140008,XETR,ETR,30,580.5,574.8600196838379,36869.32024002075,34395.270148,1.5591825830839194,-5.639980316162109,-0.971572836548167
2025-02-14,Deutsche Bank,DE0005140008,XETR,ETR,30,580.5,577.3800086975098,37051.28137588501,34395.270148,1.5583266954791477,-3.1199913024902344,-0.5374662019793686
2025-02-15,Deutsche Bank,DE0005140008,XETR,ETR,30,580.5,577.3800086975098,42681.281299591064,40028.270072,1.3527710301027016,-3.1199913024902344,-0.5374662019793686
2025-02-16,Deutsche Bank,DE0005140008,XETR,ETR,30,580.5,577.3800086975098,42681.281299591064,40028.270072,1.3527710301027016,-3.1199913024902344,-0.5374662019793686
2025-02-17,Deutsche Bank,DE0005140008,XETR,ETR,30,580.5,590.7599830627441,43281.691875457764,40028.270072,1.3649188778540466,10.25998306274414,1.7674389427638486
2025-02-18,Deutsche Bank,DE0005140008,XETR,ETR,30,580.5,599.0999794006348,43380.00524520874,40028.270072,1.3810509611840227,18.599979400634766,3.204130818369469
2025-02-19,Deutsche Bank,DE0005140008,XETR,ETR,30,580.5,584.5800018310547,42633.802337646484,40028.270072,1.3711655301147256,4.0800018310546875,0.7028426926881459
2025-02-20,Deutsche Bank,DE0005140008,XETR,ETR,30,580.5,581.100025177002,42462.97472000122,40028.270072,1.3684863790366717,0.6000251770019531,0.10336351025012112
2025-02-21,Deutsche Bank,DE0005140008,XETR,ETR,30,580.5,589.2600059509277,42744.29636001587,40028.270072,1.378569905532793,8.760005950927734,1.5090449527868621
2025-02-22,Deutsche Bank,DE0005140008,XETR,ETR,30,580.5,589.2600059509277,42744.29636001587,40028.270072,1.378569905532793,8.760005950927734,1.5090449527868621
2025-02-23,Deutsche Bank,DE0005140008,XETR,ETR,30,580.5,589.2600059509277,42744.29636001587,40028.270072,1.378569905532793,8.760005950927734,1.5090449527868621
2025-02-24,Deutsche Bank,DE0005140008,XETR,ETR,30,580.5,591.5999794006348,42167.77280807495,40028.270072,1.402967100238564,11.099979400634766,1.9121411542867814
2025-02-25,Deutsche Bank,DE0005140008,XETR,ETR,30,580.5,603.1499862670898,50195.836334228516,48204.269889,1.2015936585875793,22.649986267089844,3.901806419825985
2025-02-26,Deutsche Bank,DE0005140008,XETR,ETR,30,580.5,626.9999885559082,51523.90069961548,48204.269889,1.2169109482050289,46.4999885559082,8.010333945892887
2025-02-27,Deutsche Bank,DE0005140008,XETR,ETR,30,580.5,615.0,50686.499938964844,48204.269889,1.2133408318596952,34.5,5.943152454780361
2025-02-28,Deutsche Bank,DE0005140008,XETR,ETR,30,580.5,621.7500114440918,51078.348903656006,48204.269889,1.2172476690991652,41.2500114440918,7.105945123874556
2025-03-01,Deutsche Bank,DE0005140008,XETR,ETR,30,580.5,621.7500114440918,85008.34768295288,82139.27866899999,0.7313987724628769,41.2500114440918,7.105945123874556
2025-03-02,Deutsche Bank,DE0005140008,XETR,ETR,30,580.5,621.7500114440918,85008.34768295288,82139.27866899999,0.7313987724628769,41.2500114440918,7.105945123874556
2025-03-03,Deutsche Bank,DE0005140008,XETR,ETR,30,580.5,628.5000228881836,86471.99890136719,82139.27866899999,0.7268249038686748,48.000022888183594,8.26873779296875
2025-03-04,Deutsche Bank,DE0005140008,XETR,ETR,30,580.5,580.7399940490723,82562.44066238403,82139.27866899999,0.7033948965048717,0.23999404907226562,0.04134264411236273
2025-03-05,Deutsche Bank,DE0005140008,XETR,ETR,30,580.5,652.5,85745.30204772949,82139.27866899999,0.7609746358311161,72.0,12.4031007751938
2025-03-06,Deutsche Bank,DE0005140008,XETR,ETR,30,580.5,673.9500045776367,86994.65003967285,82139.27866899999,0.7747028170931086,93.45000457763672,16.098192003038196
2025-03-07,Deutsche Bank,DE0005140008,XETR,ETR,30,580.5,662.8499794006348,85299.55060958862,82139.27866899999,0.7770849607806997,82.34997940063477,14.186042963072312
2025-03-08,Deutsche Bank,DE0005140008,XETR,ETR,30,580.5,662.8499794006348,85299.55060958862,82139.27866899999,0.7770849607806997,82.34997940063477,14.186042963072312
2025-03-09,Deutsche Bank,DE0005140008,XETR,ETR,30,580.5,662.8499794006348,85299.55060958862,82139.27866899999,0.7770849607806997,82.34997940063477,14.186042963072312
2025-03-10,Deutsche Bank,DE0005140008,XETR,ETR,30,580.5,638.2499885559082,82330.8490562439,82139.27866899999,0.7752258064530478,57.7499885559082,9.948318442016916
2025-03-11,Deutsche Bank,DE0005140008,XETR,ETR,30,580.5,630.3000068664551,81149.79913711548,82139.27866899999,0.7767117276550038,49.80000686645508,8.57881255236091
2025-03-12,Deutsche Bank,DE0005140008,XETR,ETR,30,580.5,645.6000137329102,82603.50116729736,82139.27866899999,0.781564951375817,65.10001373291016,11.214472649941456
2025-03-13,Deutsche Bank,DE0005140008,XETR,ETR,30,580.5,639.2999839782715,82118.90142440796,82139.27866899999,0.7785052806225854,58.799983978271484,10.129196206420584
2025-03-14,Deutsche Bank,DE0005140008,XETR,ETR,30,580.5,661.6500091552734,83803.35090637207,82139.27866899999,0.789526912706022,81.15000915527344,13.979329742510496
2025-03-15,Deutsche Bank,DE0005140008,XETR,ETR,30,580.5,661.6500091552734,83803.35090637207,82139.27866899999,0.789526912706022,81.15000915527344,13.979329742510496
2025-03-16,Deutsche Bank,DE0005140008,XETR,ETR,30,580.5,661.6500091552734,83803.35090637207,82139.27866899999,0.789526912706022,81.15000915527344,13.979329742510496
2025-03-17,Deutsche Bank,DE0005140008,XETR,ETR,30,580.5,658.2000160217285,84476.10006332397,82139.27866899999,0.7791553060905231,77.70001602172852,13.385015679884326
2025-03-18,Deutsche Bank,DE0005140008,XETR,ETR,30,580.5,686.25,85554.75082397461,82139.27866899999,0.802117934294416,105.75,18.217054263565892
2025-03-19,Deutsche Bank,DE0005140008,XETR,ETR,30,580.5,681.4500045776367,86017.64862060547,82139.27866899999,0.7922211493867735,100.95000457763672,17.39018166712088
2025-03-20,Deutsche Bank,DE0005140008,XETR,ETR,30,580.5,667.649974822998,85536.64892196655,82139.27866899999,0.780542589916145,87.14997482299805,15.012915559517321
2025-03-21,Deutsche Bank,DE0005140008,XETR,ETR,30,580.5,668.4000205993652,84257.70147323608,82139.27866899999,0.793280624693611,87.90002059936523,15.142122411604692
2025-03-22,Deutsche Bank,DE0005140008,XETR,ETR,30,580.5,668.4000205993652,84257.70147323608,82139.27866899999,0.793280624693611,87.90002059936523,15.142122411604692
2024-12-05,Sanofi,FR0000120578,EPA,EPA,20,1839.000061,1836.0000610351562,1836.0000610351562,1839.000061,100.0,-2.9999999648437097,-0.16313212970816263
2024-12-06,Sanofi,FR0000120578,EPA,EPA,20,1839.000061,1843.6000061035156,1843.6000061035156,1839.000061,100.0,4.599945103515665,0.25013295002363056
2024-12-07,Sanofi,FR0000120578,EPA,EPA,20,1839.000061,1843.6000061035156,1843.6000061035156,1839.000061,100.0,4.599945103515665,0.25013295002363056
2024-12-08,Sanofi,FR0000120578,EPA,EPA,20,1839.000061,1843.6000061035156,1843.6000061035156,1839.000061,100.0,4.599945103515665,0.25013295002363056
2024-12-09,Sanofi,FR0000120578,EPA,EPA,20,1839.000061,1836.3999938964844,1836.3999938964844,1839.000061,100.0,-2.6000671035155847,-0.14138482965039906
2024-12-10,Sanofi,FR0000120578,EPA,EPA,20,1839.000061,1835.0,1835.0,1839.000061,100.0,-4.00006099999996,-0.21751282584650003
2024-12-11,Sanofi,FR0000120578,EPA,EPA,20,1839.000061,1825.8000183105469,1825.8000183105469,1839.000061,100.0,-13.200042689453085,-0.7177837004679188
2024-12-12,Sanofi,FR0000120578,EPA,EPA,20,1839.000061,1813.800048828125,1813.800048828125,1839.000061,100.0,-25.20001217187496,-1.3703105674815397
2024-12-13,Sanofi,FR0000120578,EPA,EPA,20,1839.000061,1783.3999633789062,1783.3999633789062,1839.000061,100.0,-55.60009762109371,-3.023387481067284
2024-12-14,Sanofi,FR0000120578,EPA,EPA,20,1839.000061,1783.3999633789062,1783.3999633789062,1839.000061,100.0,-55.60009762109371,-3.023387481067284
2024-12-15,Sanofi,FR0000120578,EPA,EPA,20,1839.000061,1783.3999633789062,1783.3999633789062,1839.000061,100.0,-55.60009762109371,-3.023387481067284
2024-12-16,Sanofi,FR0000120578,EPA,EPA,20,1839.000061,1776.3999938964844,1776.3999938964844,1839.000061,100.0,-62.600067103515585,-3.4040274620477886
2024-12-17,Sanofi,FR0000120578,EPA,EPA,20,1839.000061,1834.7999572753906,1834.7999572753906,1839.000061,100.0,-4.200103724609335,-0.22839062454002465
2024-12-18,Sanofi,FR0000120578,EPA,EPA,20,1839.000061,1836.0000610351562,1836.0000610351562,1839.000061,100.0,-2.9999999648437097,-0.16313212970816263
2024-12-19,Sanofi,FR0000120578,EPA,EPA,20,1839.000061,1830.0,1830.0,1839.000061,100.0,-9.00006099999996,-0.48939971187961584
2024-12-20,Sanofi,FR0000120578,EPA,EPA,20,1839.000061,1825.5999755859375,1825.5999755859375,1839.000061,100.0,-13.40008541406246,-0.7286614991614435
2024-12-21,Sanofi,FR0000120578,EPA,EPA,20,1839.000061,1825.5999755859375,1825.5999755859375,1839.000061,100.0,-13.40008541406246,-0.7286614991614435
2024-12-22,Sanofi,FR0000120578,EPA,EPA,20,1839.000061,1825.5999755859375,1825.5999755859375,1839.000061,100.0,-13.40008541406246,-0.7286614991614435
2024-12-23,Sanofi,FR0000120578,EPA,EPA,20,1839.000061,1835.5999755859375,1835.5999755859375,1839.000061,100.0,-3.4000854140624597,-0.18488772709521187
2024-12-24,Sanofi,FR0000120578,EPA,EPA,20,1839.000061,1835.0,1835.0,1839.000061,100.0,-4.00006099999996,-0.21751282584650003
2024-12-25,Sanofi,FR0000120578,EPA,EPA,20,1839.000061,1835.0,1835.0,1839.000061,100.0,-4.00006099999996,-0.21751282584650003
2024-12-26,Sanofi,FR0000120578,EPA,EPA,20,1839.000061,1835.0,1835.0,1839.000061,100.0,-4.00006099999996,-0.21751282584650003
2024-12-27,Sanofi,FR0000120578,EPA,EPA,20,1839.000061,1865.5999755859375,1865.5999755859375,1839.000061,100.0,26.59991458593754,1.446433589103483
2024-12-28,Sanofi,FR0000120578,EPA,EPA,20,1839.000061,1865.5999755859375,1865.5999755859375,1839.000061,100.0,26.59991458593754,1.446433589103483
2024-12-29,Sanofi,FR0000120578,EPA,EPA,20,1839.000061,1865.5999755859375,1865.5999755859375,1839.000061,100.0,26.59991458593754,1.446433589103483
2024-12-30,Sanofi,FR0000120578,EPA,EPA,20,1839.000061,1862.7999877929688,1862.7999877929688,1839.000061,100.0,23.79992679296879,1.294177596711281
2024-12-31,Sanofi,FR0000120578,EPA,EPA,20,1839.000061,1874.7999572753906,1874.7999572753906,1839.000061,100.0,35.799896275390665,1.9467044637249016
2025-01-01,Sanofi,FR0000120578,EPA,EPA,20,1839.000061,1874.7999572753906,1874.7999572753906,1839.000061,100.0,35.799896275390665,1.9467044637249016
2025-01-02,Sanofi,FR0000120578,EPA,EPA,20,1839.000061,1886.3999938964844,1886.3999938964844,1839.000061,100.0,47.399932896484415,2.577484030680759
2025-01-03,Sanofi,FR0000120578,EPA,EPA,20,1839.000061,1857.4000549316406,1857.4000549316406,1839.000061,100.0,18.399993931640665,1.0005434106204016
2025-01-04,Sanofi,FR0000120578,EPA,EPA,20,1839.000061,1857.4000549316406,1857.4000549316406,1839.000061,100.0,18.399993931640665,1.0005434106204016
2025-01-05,Sanofi,FR0000120578,EPA,EPA,20,1839.000061,1857.4000549316406,6420.144958496094,6403.744965,28.93081179535755,18.399993931640665,1.0005434106204016
2025-01-06,Sanofi,FR0000120578,EPA,EPA,20,1839.000061,1893.2000732421875,6609.8443603515625,6403.744965,28.642127863075622,54.20001224218754,2.947254510297025
2025-01-07,Sanofi,FR0000120578,EPA,EPA,20,1839.000061,1916.9999694824219,6644.881210327148,6403.744965,28.84927373123111,77.99990848242192,4.241430445630742
2025-01-08,Sanofi,FR0000120578,EPA,EPA,20,1839.000061,1913.3999633789062,6641.281204223633,6403.744965,28.810705412715365,74.39990237890629,4.045671555793727
2025-01-09,Sanofi,FR0000120578,EPA,EPA,20,1839.000061,1926.0000610351562,6728.632583618164,6403.744965,28.623944569722585,87.00000003515629,4.730831818887922
2025-01-10,Sanofi,FR0000120578,EPA,EPA,20,1839.000061,1912.2000122070312,6663.532485961914,6403.744965,28.696491181448717,73.19995120703129,3.9804213582911507
2025-01-11,Sanofi,FR0000120578,EPA,EPA,20,1839.000061,1912.2000122070312,6663.532485961914,6403.744965,28.696491181448717,73.19995120703129,3.9804213582911507
2025-01-12,Sanofi,FR0000120578,EPA,EPA,20,1839.000061,1912.2000122070312,6663.532485961914,6403.744965,28.696491181448717,73.19995120703129,3.9804213582911507
2025-01-13,Sanofi,FR0000120578,EPA,EPA,20,1839.000061,1899.4000244140625,6618.486862182617,6403.744965,28.698402882191203,60.39996341406254,3.2843915938327175
2025-01-14,Sanofi,FR0000120578,EPA,EPA,20,1839.000061,1864.7999572753906,6602.941207885742,6403.744965,28.241959129490695,25.799896275390665,1.4029306916586701
2025-01-15,Sanofi,FR0000120578,EPA,EPA,20,1839.000061,1916.3999938964844,8556.515350341797,8269.14502,22.39696787103797,77.39993289648442,4.208805346879454
2025-01-16,Sanofi,FR0000120578,EPA,EPA,20,1839.000061,1957.5999450683594,8591.355209350586,8269.14502,22.78569442615716,118.59988406835942,6.4491506326469565
2025-01-17,Sanofi,FR0000120578,EPA,EPA,20,1839.000061,1963.800048828125,8737.453422546387,8269.14502,22.47565685169407,124.79998782812504,6.786296013511935
2025-01-18,Sanofi,FR0000120578,EPA,EPA,20,1839.000061,1963.800048828125,8737.453422546387,8269.14502,22.47565685169407,124.79998782812504,6.786296013511935
2025-01-19,Sanofi,FR0000120578,EPA,EPA,20,1839.000061,1963.800048828125,8737.453422546387,8269.14502,22.47565685169407,124.79998782812504,6.786296013511935
2025-01-20,Sanofi,FR0000120578,EPA,EPA,20,1839.000061,1976.9999694824219,20467.08179473877,19944.06641,9.659413048276505,137.99990848242192,7.5040730780281315
2025-01-21,Sanofi,FR0000120578,EPA,EPA,20,1839.000061,1980.3999328613281,20639.252700805664,19944.06641,9.595308326178023,141.39987186132817,7.6889541691716214
2025-01-22,Sanofi,FR0000120578,EPA,EPA,20,1839.000061,1976.9999694824219,20654.560050964355,19944.06641,9.571736045717016,137.99990848242192,7.5040730780281315
2025-01-23,Sanofi,FR0000120578,EPA,EPA,20,1839.000061,1997.7999877929688,20948.618354797363,19944.06641,9.536667067761345,158.7999267929688,8.635123519605408
2025-01-24,Sanofi,FR0000120578,EPA,EPA,20,1839.000061,2003.2000732421875,20736.957244873047,19944.06641,9.660048239417833,164.20001224218754,8.928766003025574
2025-01-25,Sanofi,FR0000120578,EPA,EPA,55,5347.600189,5508.800201416016,24242.557373046875,23452.666537999998,22.723676040634047,161.20001241601585,3.0144365083164573
2025-01-26,Sanofi,FR0000120578,EPA,EPA,55,5347.600189,5508.800201416016,24242.557373046875,23452.666537999998,22.723676040634047,161.20001241601585,3.0144365083164573
2025-01-27,Sanofi,FR0000120578,EPA,EPA,55,5347.600189,5573.699798583984,23954.43389892578,23452.666537999998,23.26792535403616,226.0996095839846,4.2280574761193055
2025-01-28,Sanofi,FR0000120578,EPA,EPA,55,5347.600189,5594.600067138672,24568.3504486084,24033.166537999998,22.771573854098786,246.9998781386721,4.6188920152772495
2025-01-29,Sanofi,FR0000120578,EPA,EPA,55,5347.600189,5602.300033569336,24945.533237457275,24033.166537999998,22.45812899744766,254.69984456933616,4.7628812096546245
2025-01-30,Sanofi,FR0000120578,EPA,EPA,55,5347.600189,5699.100151062012,25077.168045043945,24033.166537999998,22.72625098984547,351.49996206201195,6.573041170599225
2025-01-31,Sanofi,FR0000120578,EPA,EPA,55,5347.600189,5742.00008392334,25227.365398406982,24033.166537999998,22.76099780235445,394.39989492334007,7.375268924079621
2025-02-01,Sanofi,FR0000120578,EPA,EPA,55,5347.600189,5742.00008392334,25227.365398406982,24033.166537999998,22.76099780235445,394.39989492334007,7.375268924079621
2025-02-02,Sanofi,FR0000120578,EPA,EPA,55,5347.600189,5742.00008392334,25227.365398406982,24033.166537999998,22.76099780235445,394.39989492334007,7.375268924079621
2025-02-03,Sanofi,FR0000120578,EPA,EPA,55,5347.600189,5745.299949645996,24782.13918685913,24033.166537999998,23.183228478889642,397.6997606459963,7.436976336863473
2025-02-04,Sanofi,FR0000120578,EPA,EPA,55,5347.600189,5647.400016784668,24904.28602218628,24033.166537999998,22.676418074196604,299.7998277846682,5.606249853931782
2025-02-05,Sanofi,FR0000120578,EPA,EPA,55,5347.600189,5697.99991607666,24958.340854644775,24033.166537999998,22.830042867277598,350.3997270766604,6.552466801789553
2025-02-06,Sanofi,FR0000120578,EPA,EPA,55,5347.600189,5704.600067138672,25693.00811767578,24033.166537999998,22.202927897781386,356.9998781386721,6.675889474179838
2025-02-07,Sanofi,FR0000120578,EPA,EPA,55,5347.600189,5684.800033569336,25579.5707321167,24033.166537999998,22.223985277562637,337.19984456933616,6.305629303831566
2025-02-08,Sanofi,FR0000120578,EPA,EPA,55,5347.600189,5684.800033569336,25579.5707321167,24033.166537999998,22.223985277562637,337.19984456933616,6.305629303831566
2025-02-09,Sanofi,FR0000120578,EPA,EPA,55,5347.600189,5684.800033569336,25579.5707321167,24033.166537999998,22.223985277562637,337.19984456933616,6.305629303831566
2025-02-10,Sanofi,FR0000120578,EPA,EPA,55,5347.600189,5709.00016784668,25526.985054016113,24033.166537999998,22.364568928787353,361.3999788466799,6.7581712557733615
2025-02-11,Sanofi,FR0000120578,EPA,EPA,55,5347.600189,5700.199966430664,25873.3504486084,24033.166537999998,22.031162828149494,352.5997774306643,6.593607692586315
2025-02-12,Sanofi,FR0000120578,EPA,EPA,55,5347.600189,5747.5,36300.32432556152,34395.270148,15.833191870279778,399.8998110000002,7.478117227660235
2025-02-13,Sanofi,FR0000120578,EPA,EPA,55,5347.600189,5794.800033569336,36869.32024002075,34395.270148,15.71713282437798,447.19984456933616,8.362626762734154
2025-02-14,Sanofi,FR0000120578,EPA,EPA,55,5347.600189,5703.49983215332,37051.28137588501,34395.270148,15.393529239357074,355.89964315332054,6.655315105370166
2025-02-15,Sanofi,FR0000120578,EPA,EPA,55,5347.600189,5703.49983215332,42681.281299591064,40028.270072,13.363000496913308,355.89964315332054,6.655315105370166
2025-02-16,Sanofi,FR0000120578,EPA,EPA,55,5347.600189,5703.49983215332,42681.281299591064,40028.270072,13.363000496913308,355.89964315332054,6.655315105370166
2025-02-17,Sanofi,FR0000120578,EPA,EPA,55,5347.600189,5722.200050354004,43281.691875457764,40028.270072,13.220832648639346,374.59986135400413,7.005008753731349
2025-02-18,Sanofi,FR0000120578,EPA,EPA,55,5347.600189,5702.400016784668,43380.00524520874,40028.270072,13.145226665030174,354.7998277846682,6.634748583383077
2025-02-19,Sanofi,FR0000120578,EPA,EPA,55,5347.600189,5669.400100708008,42633.802337646484,40028.270072,13.297899295512321,321.79991170800804,6.017650915076817
2025-02-20,Sanofi,FR0000120578,EPA,EPA,55,5347.600189,5696.900100708008,42462.97472000122,40028.270072,13.416158755417134,349.29991170800804,6.531900279802463
2025-02-21,Sanofi,FR0000120578,EPA,EPA,55,5347.600189,5726.600151062012,42744.29636001587,40028.270072,13.397343362093153,378.99996206201195,7.087290535324872
2025-02-22,Sanofi,FR0000120578,EPA,EPA,55,5347.600189,5726.600151062012,42744.29636001587,40028.270072,13.397343362093153,378.99996206201195,7.087290535324872
2025-02-23,Sanofi,FR0000120578,EPA,EPA,55,5347.600189,5726.600151062012,42744.29636001587,40028.270072,13.397343362093153,378.99996206201195,7.087290535324872
2025-02-24,Sanofi,FR0000120578,EPA,EPA,55,5347.600189,5685.899848937988,42167.77280807495,40028.270072,13.483993747588116,338.2996599379885,6.326195825818655
2025-02-25,Sanofi,FR0000120578,EPA,EPA,55,5347.600189,5725.49991607666,50195.836334228516,48204.269889,11.406324377092696,377.8997270766604,7.066716166515199
2025-02-26,Sanofi,FR0000120578,EPA,EPA,55,5347.600189,5758.49983215332,51523.90069961548,48204.269889,11.176366218321464,410.89964315332054,7.68381383482146
2025-02-27,Sanofi,FR0000120578,EPA,EPA,55,5347.600189,5766.199798583984,50686.499938964844,48204.269889,11.376204325663576,418.5996095839846,7.827803029198835
2025-02-28,Sanofi,FR0000120578,EPA,EPA,55,5347.600189,5739.800033569336,51078.348903656006,48204.269889,11.23724661577403,392.19984456933616,7.334128033282859
2025-03-01,Sanofi,FR0000120578,EPA,EPA,55,5347.600189,5739.800033569336,85008.34768295288,82139.27866899999,6.752042816990741,392.19984456933616,7.334128033282859
2025-03-02,Sanofi,FR0000120578,EPA,EPA,55,5347.600189,5739.800033569336,85008.34768295288,82139.27866899999,6.752042816990741,392.19984456933616,7.334128033282859
2025-03-03,Sanofi,FR0000120578,EPA,EPA,55,5347.600189,5922.400016784668,86471.99890136719,82139.27866899999,6.848922300894134,574.7998277846682,10.748743501188253
2025-03-04,Sanofi,FR0000120578,EPA,EPA,55,5347.600189,6011.50016784668,82562.44066238403,82139.27866899999,7.281156079710659,663.8999788466799,12.414914267755478
2025-03-05,Sanofi,FR0000120578,EPA,EPA,55,5347.600189,5984.00016784668,85745.30204772949,82139.27866899999,6.97880819699688,636.3999788466799,11.900664903029831
2025-03-06,Sanofi,FR0000120578,EPA,EPA,55,5347.600189,6029.100151062012,86994.65003967285,82139.27866899999,6.9304263518647575,681.499962062012,12.74403354730699
2025-03-07,Sanofi,FR0000120578,EPA,EPA,55,5347.600189,6029.100151062012,85299.55060958862,82139.27866899999,7.06814995855825,681.499962062012,12.74403354730699
2025-03-08,Sanofi,FR0000120578,EPA,EPA,55,5347.600189,6029.100151062012,85299.55060958862,82139.27866899999,7.06814995855825,681.499962062012,12.74403354730699
2025-03-09,Sanofi,FR0000120578,EPA,EPA,55,5347.600189,6029.100151062012,85299.55060958862,82139.27866899999,7.06814995855825,681.499962062012,12.74403354730699
2025-03-10,Sanofi,FR0000120578,EPA,EPA,55,5347.600189,6021.400184631348,82330.8490562439,82139.27866899999,7.313662197893597,673.7999956313479,12.600044352929615
2025-03-11,Sanofi,FR0000120578,EPA,EPA,55,5347.600189,5909.200134277344,81149.79913711548,82139.27866899999,7.281841972637309,561.599945277344,10.501906003230264
2025-03-12,Sanofi,FR0000120578,EPA,EPA,55,5347.600189,5826.700134277344,82603.50116729736,82139.27866899999,7.0538173950720235,479.099945277344,8.959157909053324
2025-03-13,Sanofi,FR0000120578,EPA,EPA,55,5347.600189,5842.100067138672,82118.90142440796,82139.27866899999,7.114196568394718,494.4998781386721,9.247136297808073
2025-03-14,Sanofi,FR0000120578,EPA,EPA,55,5347.600189,5842.100067138672,83803.35090637207,82139.27866899999,6.971201036657428,494.4998781386721,9.247136297808073
2025-03-15,Sanofi,FR0000120578,EPA,EPA,55,5347.600189,5842.100067138672,83803.35090637207,82139.27866899999,6.971201036657428,494.4998781386721,9.247136297808073
2025-03-16,Sanofi,FR0000120578,EPA,EPA,55,5347.600189,5842.100067138672,83803.35090637207,82139.27866899999,6.971201036657428,494.4998781386721,9.247136297808073
2025-03-17,Sanofi,FR0000120578,EPA,EPA,55,5347.600189,5913.599815368652,84476.10006332397,82139.27866899999,7.00032294452013,565.9996263686526,10.584179938001206
2025-03-18,Sanofi,FR0000120578,EPA,EPA,55,5347.600189,5920.199966430664,85554.75082397461,82139.27866899999,6.919779333600343,572.5997774306643,10.707602610391492
2025-03-19,Sanofi,FR0000120578,EPA,EPA,55,5347.600189,5938.900184631348,86017.64862060547,82139.27866899999,6.904281016592086,591.2999956313479,11.057296258752674
2025-03-20,Sanofi,FR0000120578,EPA,EPA,55,5347.600189,5840.99983215332,85536.64892196655,82139.27866899999,6.828651701660597,493.39964315332054,9.226561928998402
2025-03-21,Sanofi,FR0000120578,EPA,EPA,55,5347.600189,5821.199798583984,84257.70147323608,82139.27866899999,6.908804414078458,473.5996095839846,8.856301758650128
2025-03-22,Sanofi,FR0000120578,EPA,EPA,55,5347.600189,5821.199798583984,84257.70147323608,82139.27866899999,6.908804414078458,473.5996095839846,8.856301758650128
2024-12-05,Barclays,GB0031348658,LSE,LSE,0,0.0,0.0,1836.0000610351562,1839.000061,0.0,0.0,
2024-12-06,Barclays,GB0031348658,LSE,LSE,0,0.0,0.0,1843.6000061035156,1839.000061,0.0,0.0,
2024-12-07,Barclays,GB0031348658,LSE,LSE,0,0.0,0.0,1843.6000061035156,1839.000061,0.0,0.0,
2024-12-08,Barclays,GB0031348658,LSE,LSE,0,0.0,0.0,1843.6000061035156,1839.000061,0.0,0.0,
2024-12-09,Barclays,GB0031348658,LSE,LSE,0,0.0,0.0,1836.3999938964844,1839.000061,0.0,0.0,
2024-12-10,Barclays,GB0031348658,LSE,LSE,0,0.0,0.0,1835.0,1839.000061,0.0,0.0,
2024-12-11,Barclays,GB0031348658,LSE,LSE,0,0.0,0.0,1825.8000183105469,1839.000061,0.0,0.0,
2024-12-12,Barclays,GB0031348658,LSE,LSE,0,0.0,0.0,1813.800048828125,1839.000061,0.0,0.0,
2024-12-13,Barclays,GB0031348658,LSE,LSE,0,0.0,0.0,1783.3999633789062,1839.000061,0.0,0.0,
2024-12-14,Barclays,GB0031348658,LSE,LSE,0,0.0,0.0,1783.3999633789062,1839.000061,0.0,0.0,
2024-12-15,Barclays,GB0031348658,LSE,LSE,0,0.0,0.0,1783.3999633789062,1839.000061,0.0,0.0,
2024-12-16,Barclays,GB0031348658,LSE,LSE,0,0.0,0.0,1776.3999938964844,1839.000061,0.0,0.0,
2024-12-17,Barclays,GB0031348658,LSE,LSE,0,0.0,0.0,1834.7999572753906,1839.000061,0.0,0.0,
2024-12-18,Barclays,GB0031348658,LSE,LSE,0,0.0,0.0,1836.0000610351562,1839.000061,0.0,0.0,
2024-12-19,Barclays,GB0031348658,LSE,LSE,0,0.0,0.0,1830.0,1839.000061,0.0,0.0,
2024-12-20,Barclays,GB0031348658,LSE,LSE,0,0.0,0.0,1825.5999755859375,1839.000061,0.0,0.0,
2024-12-21,Barclays,GB0031348658,LSE,LSE,0,0.0,0.0,1825.5999755859375,1839.000061,0.0,0.0,
2024-12-22,Barclays,GB0031348658,LSE,LSE,0,0.0,0.0,1825.5999755859375,1839.000061,0.0,0.0,
2024-12-23,Barclays,GB0031348658,LSE,LSE,0,0.0,0.0,1835.5999755859375,1839.000061,0.0,0.0,
2024-12-24,Barclays,GB0031348658,LSE,LSE,0,0.0,0.0,1835.0,1839.000061,0.0,0.0,
2024-12-25,Barclays,GB0031348658,LSE,LSE,0,0.0,0.0,1835.0,1839.000061,0.0,0.0,
2024-12-26,Barclays,GB0031348658,LSE,LSE,0,0.0,0.0,1835.0,1839.000061,0.0,0.0,
2024-12-27,Barclays,GB0031348658,LSE,LSE,0,0.0,0.0,1865.5999755859375,1839.000061,0.0,0.0,
2024-12-28,Barclays,GB0031348658,LSE,LSE,0,0.0,0.0,1865.5999755859375,1839.000061,0.0,0.0,
2024-12-29,Barclays,GB0031348658,LSE,LSE,0,0.0,0.0,1865.5999755859375,1839.000061,0.0,0.0,
2024-12-30,Barclays,GB0031348658,LSE,LSE,0,0.0,0.0,1862.7999877929688,1839.000061,0.0,0.0,
2024-12-31,Barclays,GB0031348658,LSE,LSE,0,0.0,0.0,1874.7999572753906,1839.000061,0.0,0.0,
2025-01-01,Barclays,GB0031348658,LSE,LSE,0,0.0,0.0,1874.7999572753906,1839.000061,0.0,0.0,
2025-01-02,Barclays,GB0031348658,LSE,LSE,0,0.0,0.0,1886.3999938964844,1839.000061,0.0,0.0,
2025-01-03,Barclays,GB0031348658,LSE,LSE,0,0.0,0.0,1857.4000549316406,1839.000061,0.0,0.0,
2025-01-04,Barclays,GB0031348658,LSE,LSE,0,0.0,0.0,1857.4000549316406,1839.000061,0.0,0.0,
2025-01-05,Barclays,GB0031348658,LSE,LSE,0,0.0,0.0,6420.144958496094,6403.744965,0.0,0.0,
2025-01-06,Barclays,GB0031348658,LSE,LSE,0,0.0,0.0,6609.8443603515625,6403.744965,0.0,0.0,
2025-01-07,Barclays,GB0031348658,LSE,LSE,0,0.0,0.0,6644.881210327148,6403.744965,0.0,0.0,
2025-01-08,Barclays,GB0031348658,LSE,LSE,0,0.0,0.0,6641.281204223633,6403.744965,0.0,0.0,
2025-01-09,Barclays,GB0031348658,LSE,LSE,0,0.0,0.0,6728.632583618164,6403.744965,0.0,0.0,
2025-01-10,Barclays,GB0031348658,LSE,LSE,0,0.0,0.0,6663.532485961914,6403.744965,0.0,0.0,
2025-01-11,Barclays,GB0031348658,LSE,LSE,0,0.0,0.0,6663.532485961914,6403.744965,0.0,0.0,
2025-01-12,Barclays,GB0031348658,LSE,LSE,0,0.0,0.0,6663.532485961914,6403.744965,0.0,0.0,
2025-01-13,Barclays,GB0031348658,LSE,LSE,0,0.0,0.0,6618.486862182617,6403.744965,0.0,0.0,
2025-01-14,Barclays,GB0031348658,LSE,LSE,0,0.0,0.0,6602.941207885742,6403.744965,0.0,0.0,
2025-01-15,Barclays,GB0031348658,LSE,LSE,0,0.0,0.0,8556.515350341797,8269.14502,0.0,0.0,
2025-01-16,Barclays,GB0031348658,LSE,LSE,0,0.0,0.0,8591.355209350586,8269.14502,0.0,0.0,
2025-01-17,Barclays,GB0031348658,LSE,LSE,0,0.0,0.0,8737.453422546387,8269.14502,0.0,0.0,
2025-01-18,Barclays,GB0031348658,LSE,LSE,0,0.0,0.0,8737.453422546387,8269.14502,0.0,0.0,
2025-01-19,Barclays,GB0031348658,LSE,LSE,0,0.0,0.0,8737.453422546387,8269.14502,0.0,0.0,
2025-01-20,Barclays,GB0031348658,LSE,LSE,40,11674.92139,11671.92138671875,20467.08179473877,19944.06641,57.02777515512305,-3.000003281249519,-0.025696132599394912
2025-01-21,Barclays,GB0031348658,LSE,LSE,40,11674.92139,11835.892333984375,20639.252700805664,19944.06641,57.34651591102596,160.97094398437548,1.3787753990553893
2025-01-22,Barclays,GB0031348658,LSE,LSE,40,11674.92139,11747.90771484375,20654.560050964355,19944.06641,56.87803412832918,72.98632484375048,0.6251547432796075
2025-01-23,Barclays,GB0031348658,LSE,LSE,40,11674.92139,11943.873291015625,20948.618354797363,19944.06641,57.01508848329563,268.9519010156255,2.303672050811346
2025-01-24,Barclays,GB0031348658,LSE,LSE,40,11674.92139,11719.912109375,20736.957244873047,19944.06641,56.51702885326921,44.99071937500048,0.3853620754443511
2025-01-25,Barclays,GB0031348658,LSE,LSE,40,11674.92139,11719.912109375,24242.557373046875,23452.666537999998,48.34437196137285,44.99071937500048,0.3853620754443511
2025-01-26,Barclays,GB0031348658,LSE,LSE,40,11674.92139,11719.912109375,24242.557373046875,23452.666537999998,48.34437196137285,44.99071937500048,0.3853620754443511
2025-01-27,Barclays,GB0031348658,LSE,LSE,40,11674.92139,11533.9453125,23954.43389892578,23452.666537999998,48.14952155065218,-140.97607749999952,-1.207512006211457
2025-01-28,Barclays,GB0031348658,LSE,LSE,40,11674.92139,11571.939697265625,24568.3504486084,24033.166537999998,47.10100387680315,-102.98169273437452,-0.8820761125002703
2025-01-29,Barclays,GB0031348658,LSE,LSE,40,11674.92139,11849.888916015625,24945.533237457275,24033.166537999998,47.50304915599991,174.96752601562548,1.498661277201332
2025-01-30,Barclays,GB0031348658,LSE,LSE,40,11674.92139,11829.892578125,25077.168045043945,24033.166537999998,47.17395742962678,154.97118812500048,1.3273852812211568
2025-01-31,Barclays,GB0031348658,LSE,LSE,40,11674.92139,11877.884521484375,25227.365398406982,24033.166537999998,47.083333253001605,202.96313148437548,1.7384539450365883
2025-02-01,Barclays,GB0031348658,LSE,LSE,40,11674.92139,11877.884521484375,25227.365398406982,24033.166537999998,47.083333253001605,202.96313148437548,1.7384539450365883
2025-02-02,Barclays,GB0031348658,LSE,LSE,40,11674.92139,11877.884521484375,25227.365398406982,24033.166537999998,47.083333253001605,202.96313148437548,1.7384539450365883
2025-02-03,Barclays,GB0031348658,LSE,LSE,40,11674.92139,11619.930419921875,24782.13918685913,24033.166537999998,46.88832684017613,-54.99097007812452,-0.4710179044565243
2025-02-04,Barclays,GB0031348658,LSE,LSE,40,11674.92139,11767.904052734375,24904.28602218628,24033.166537999998,47.25252529725525,92.98266273437548,0.7964307392597826
2025-02-05,Barclays,GB0031348658,LSE,LSE,40,11674.92139,11809.896240234375,24958.340854644775,24033.166537999998,47.31843478304184,134.97485023437548,1.1561092852409816
2025-02-06,Barclays,GB0031348658,LSE,LSE,40,11674.92139,12297.81005859375,25693.00811767578,24033.166537999998,47.8644228899509,622.8886685937505,5.335270772163636
2025-02-07,Barclays,GB0031348658,LSE,LSE,40,11674.92139,12185.830078125,25579.5707321167,24033.166537999998,47.63891546790092,510.9086881250005,4.3761210123659815
2025-02-08,Barclays,GB0031348658,LSE,LSE,40,11674.92139,12185.830078125,25579.5707321167,24033.166537999998,47.63891546790092,510.9086881250005,4.3761210123659815
2025-02-09,Barclays,GB0031348658,LSE,LSE,40,11674.92139,12185.830078125,25579.5707321167,24033.166537999998,47.63891546790092,510.9086881250005,4.3761210123659815
2025-02-10,Barclays,GB0031348658,LSE,LSE,40,11674.92139,12107.84423828125,25526.985054016113,24033.166537999998,47.43154827199754,432.9228482812505,3.70814358246613
2025-02-11,Barclays,GB0031348658,LSE,LSE,40,11674.92139,12255.81787109375,25873.3504486084,24033.166537999998,47.36849947376232,580.8964810937505,4.975592226182437
2025-02-12,Barclays,GB0031348658,LSE,LSE,40,11674.92139,12307.808837890625,36300.32432556152,34395.270148,33.90550653902522,632.8874478906255,5.420913998039566
2025-02-13,Barclays,GB0031348658,LSE,LSE,40,11674.92139,11727.911376953125,36869.32024002075,34395.270148,31.809404948623822,52.98998695312548,0.4538787472994324
2025-02-14,Barclays,GB0031348658,LSE,LSE,40,11674.92139,11781.90185546875,37051.28137588501,34395.270148,31.798905241471765,106.98046546875048,0.9163270731774108
2025-02-15,Barclays,GB0031348658,LSE,LSE,40,11674.92139,11781.90185546875,42681.281299591064,40028.270072,27.604377133780268,106.98046546875048,0.9163270731774108
2025-02-16,Barclays,GB0031348658,LSE,LSE,40,11674.92139,11781.90185546875,42681.281299591064,40028.270072,27.604377133780268,106.98046546875048,0.9163270731774108
2025-02-17,Barclays,GB0031348658,LSE,LSE,40,11674.92139,12173.831787109375,43281.691875457764,40028.270072,28.12697761940393,498.9103971093755,4.273351232469202
2025-02-18,Barclays,GB0031348658,LSE,LSE,40,11674.92139,12325.8056640625,43380.00524520874,40028.270072,28.413564254752753,650.8842740625005,5.5750634399988925
2025-02-19,Barclays,GB0031348658,LSE,LSE,40,11674.92139,12235.821533203125,42633.802337646484,40028.270072,28.69981297070155,560.9001432031255,4.804316230202262
2025-02-20,Barclays,GB0031348658,LSE,LSE,40,11674.92139,11933.87451171875,42462.97472000122,40028.270072,28.104188626468435,258.9531217187505,2.2180288249354154
2025-02-21,Barclays,GB0031348658,LSE,LSE,40,11674.92139,12149.83642578125,42744.29636001587,40028.270072,28.424462350365236,474.9150357812505,4.067822128447329
2025-02-22,Barclays,GB0031348658,LSE,LSE,40,11674.92139,12149.83642578125,42744.29636001587,40028.270072,28.424462350365236,474.9150357812505,4.067822128447329
2025-02-23,Barclays,GB0031348658,LSE,LSE,40,11674.92139,12149.83642578125,42744.29636001587,40028.270072,28.424462350365236,474.9150357812505,4.067822128447329
2025-02-24,Barclays,GB0031348658,LSE,LSE,40,11674.92139,11947.872314453125,42167.77280807495,40028.270072,28.334131776021042,272.9509244531255,2.337925158853044
2025-02-25,Barclays,GB0031348658,LSE,LSE,40,11674.92139,11871.885986328125,50195.836334228516,48204.269889,23.65113693350835,196.96459632812548,1.6870742829740413
2025-02-26,Barclays,GB0031348658,LSE,LSE,40,11674.92139,12355.80078125,51523.90069961548,48204.269889,23.980716936173682,680.8793912500005,5.831982661854998
2025-02-27,Barclays,GB0031348658,LSE,LSE,40,11674.92139,12041.99951171875,50686.499938964844,48204.269889,23.75780439805345,367.0781217187505,3.1441592577502613
2025-02-28,Barclays,GB0031348658,LSE,LSE,40,11674.92139,12451.99951171875,51078.348903656006,48204.269889,24.37823418138616,777.0781217187505,6.6559602053025095
2025-03-01,Barclays,GB0031348658,LSE,LSE,40,11674.92139,12451.99951171875,85008.34768295288,82139.27866899999,14.647972641651293,777.0781217187505,6.6559602053025095
2025-03-02,Barclays,GB0031348658,LSE,LSE,40,11674.92139,12451.99951171875,85008.34768295288,82139.27866899999,14.647972641651293,777.0781217187505,6.6559602053025095
2025-03-03,Barclays,GB0031348658,LSE,LSE,40,11674.92139,12444.000244140625,86471.99890136719,82139.27866899999,14.390785921734805,769.0788541406255,6.587443533447428
2025-03-04,Barclays,GB0031348658,LSE,LSE,40,11674.92139,11695.999755859375,82562.44066238403,82139.27866899999,14.166247584282166,21.07836585937548,0.1805439638970921
2025-03-05,Barclays,GB0031348658,LSE,LSE,40,11674.92139,12138.00048828125,85745.30204772949,82139.27866899999,14.155878162893076,463.0790982812505,3.966442966184722
2025-03-06,Barclays,GB0031348658,LSE,LSE,40,11674.92139,12335.999755859375,86994.65003967285,82139.27866899999,14.18018205744111,661.0783658593755,5.662379589344503
2025-03-07,Barclays,GB0031348658,LSE,LSE,40,11674.92139,11950.0,85299.55060958862,82139.27866899999,14.00945247026505,275.0786100000005,2.3561495689008702
2025-03-08,Barclays,GB0031348658,LSE,LSE,40,11674.92139,11950.0,85299.55060958862,82139.27866899999,14.00945247026505,275.0786100000005,2.3561495689008702
2025-03-09,Barclays,GB0031348658,LSE,LSE,40,11674.92139,11950.0,85299.55060958862,82139.27866899999,14.00945247026505,275.0786100000005,2.3561495689008702
2025-03-10,Barclays,GB0031348658,LSE,LSE,40,11674.92139,11381.99951171875,82330.8490562439,82139.27866899999,13.82470804344942,-292.9218782812495,-2.508983730992381
2025-03-11,Barclays,GB0031348658,LSE,LSE,40,11674.92139,11341.99951171875,81149.79913711548,82139.27866899999,13.976620561382585,-332.9218782812495,-2.851598457582844
2025-03-12,Barclays,GB0031348658,LSE,LSE,40,11674.92139,11684.000244140625,82603.50116729736,82139.27866899999,14.144679195227997,9.07885414062548,0.07776372822862734
2025-03-13,Barclays,GB0031348658,LSE,LSE,40,11674.92139,11554.000244140625,82118.90142440796,82139.27866899999,14.069842683875047,-120.92114585937452,-1.035734133190378
2025-03-14,Barclays,GB0031348658,LSE,LSE,40,11674.92139,11790.0,83803.35090637207,82139.27866899999,14.06864984810952,115.07861000000048,0.9856906625390176
2025-03-15,Barclays,GB0031348658,LSE,LSE,40,11674.92139,11790.0,83803.35090637207,82139.27866899999,14.06864984810952,115.07861000000048,0.9856906625390176
2025-03-16,Barclays,GB0031348658,LSE,LSE,40,11674.92139,11790.0,83803.35090637207,82139.27866899999,14.06864984810952,115.07861000000048,0.9856906625390176
2025-03-17,Barclays,GB0031348658,LSE,LSE,40,11674.92139,11794.000244140625,84476.10006332397,82139.27866899999,13.96134555844759,119.07885414062548,1.019954226352401
2025-03-18,Barclays,GB0031348658,LSE,LSE,40,11674.92139,12145.999755859375,85554.75082397461,82139.27866899999,14.19675662529749,471.0783658593755,4.034959638039803
2025-03-19,Barclays,GB0031348658,LSE,LSE,40,11674.92139,12195.999755859375,86017.64862060547,82139.27866899999,14.178485405537849,521.0783658593755,4.463228046277882
2025-03-20,Barclays,GB0031348658,LSE,LSE,40,11674.92139,12081.99951171875,85536.64892196655,82139.27866899999,14.124939033724512,407.0781217187505,3.486773984340725
2025-03-21,Barclays,GB0031348658,LSE,LSE,40,11674.92139,11898.00048828125,84257.70147323608,82139.27866899999,14.120964944742258,223.07909828125048,1.9107546066419425
2025-03-22,Barclays,GB0031348658,LSE,LSE,40,11674.92139,11898.00048828125,84257.70147323608,82139.27866899999,14.120964944742258,223.07909828125048,1.9107546066419425
2024-12-05,BNP Paribas,FR0000131104,EPA,EPA,0,0.0,0.0,1836.0000610351562,1839.000061,0.0,0.0,
2024-12-06,BNP Paribas,FR0000131104,EPA,EPA,0,0.0,0.0,1843.6000061035156,1839.000061,0.0,0.0,
2024-12-07,BNP Paribas,FR0000131104,EPA,EPA,0,0.0,0.0,1843.6000061035156,1839.000061,0.0,0.0,
2024-12-08,BNP Paribas,FR0000131104,EPA,EPA,0,0.0,0.0,1843.6000061035156,1839.000061,0.0,0.0,
2024-12-09,BNP Paribas,FR0000131104,EPA,EPA,0,0.0,0.0,1836.3999938964844,1839.000061,0.0,0.0,
2024-12-10,BNP Paribas,FR0000131104,EPA,EPA,0,0.0,0.0,1835.0,1839.000061,0.0,0.0,
2024-12-11,BNP Paribas,FR0000131104,EPA,EPA,0,0.0,0.0,1825.8000183105469,1839.000061,0.0,0.0,
2024-12-12,BNP Paribas,FR0000131104,EPA,EPA,0,0.0,0.0,1813.800048828125,1839.000061,0.0,0.0,
2024-12-13,BNP Paribas,FR0000131104,EPA,EPA,0,0.0,0.0,1783.3999633789062,1839.000061,0.0,0.0,
2024-12-14,BNP Paribas,FR0000131104,EPA,EPA,0,0.0,0.0,1783.3999633789062,1839.000061,0.0,0.0,
2024-12-15,BNP Paribas,FR0000131104,EPA,EPA,0,0.0,0.0,1783.3999633789062,1839.000061,0.0,0.0,
2024-12-16,BNP Paribas,FR0000131104,EPA,EPA,0,0.0,0.0,1776.3999938964844,1839.000061,0.0,0.0,
2024-12-17,BNP Paribas,FR0000131104,EPA,EPA,0,0.0,0.0,1834.7999572753906,1839.000061,0.0,0.0,
2024-12-18,BNP Paribas,FR0000131104,EPA,EPA,0,0.0,0.0,1836.0000610351562,1839.000061,0.0,0.0,
2024-12-19,BNP Paribas,FR0000131104,EPA,EPA,0,0.0,0.0,1830.0,1839.000061,0.0,0.0,
2024-12-20,BNP Paribas,FR0000131104,EPA,EPA,0,0.0,0.0,1825.5999755859375,1839.000061,0.0,0.0,
2024-12-21,BNP Paribas,FR0000131104,EPA,EPA,0,0.0,0.0,1825.5999755859375,1839.000061,0.0,0.0,
2024-12-22,BNP Paribas,FR0000131104,EPA,EPA,0,0.0,0.0,1825.5999755859375,1839.000061,0.0,0.0,
2024-12-23,BNP Paribas,FR0000131104,EPA,EPA,0,0.0,0.0,1835.5999755859375,1839.000061,0.0,0.0,
2024-12-24,BNP Paribas,FR0000131104,EPA,EPA,0,0.0,0.0,1835.0,1839.000061,0.0,0.0,
2024-12-25,BNP Paribas,FR0000131104,EPA,EPA,0,0.0,0.0,1835.0,1839.000061,0.0,0.0,
2024-12-26,BNP Paribas,FR0000131104,EPA,EPA,0,0.0,0.0,1835.0,1839.000061,0.0,0.0,
2024-12-27,BNP Paribas,FR0000131104,EPA,EPA,0,0.0,0.0,1865.5999755859375,1839.000061,0.0,0.0,
2024-12-28,BNP Paribas,FR0000131104,EPA,EPA,0,0.0,0.0,1865.5999755859375,1839.000061,0.0,0.0,
2024-12-29,BNP Paribas,FR0000131104,EPA,EPA,0,0.0,0.0,1865.5999755859375,1839.000061,0.0,0.0,
2024-12-30,BNP Paribas,FR0000131104,EPA,EPA,0,0.0,0.0,1862.7999877929688,1839.000061,0.0,0.0,
2024-12-31,BNP Paribas,FR0000131104,EPA,EPA,0,0.0,0.0,1874.7999572753906,1839.000061,0.0,0.0,
2025-01-01,BNP Paribas,FR0000131104,EPA,EPA,0,0.0,0.0,1874.7999572753906,1839.000061,0.0,0.0,
2025-01-02,BNP Paribas,FR0000131104,EPA,EPA,0,0.0,0.0,1886.3999938964844,1839.000061,0.0,0.0,
2025-01-03,BNP Paribas,FR0000131104,EPA,EPA,0,0.0,0.0,1857.4000549316406,1839.000061,0.0,0.0,
2025-01-04,BNP Paribas,FR0000131104,EPA,EPA,0,0.0,0.0,1857.4000549316406,1839.000061,0.0,0.0,
2025-01-05,BNP Paribas,FR0000131104,EPA,EPA,0,0.0,0.0,6420.144958496094,6403.744965,0.0,0.0,
2025-01-06,BNP Paribas,FR0000131104,EPA,EPA,0,0.0,0.0,6609.8443603515625,6403.744965,0.0,0.0,
2025-01-07,BNP Paribas,FR0000131104,EPA,EPA,0,0.0,0.0,6644.881210327148,6403.744965,0.0,0.0,
2025-01-08,BNP Paribas,FR0000131104,EPA,EPA,0,0.0,0.0,6641.281204223633,6403.744965,0.0,0.0,
2025-01-09,BNP Paribas,FR0000131104,EPA,EPA,0,0.0,0.0,6728.632583618164,6403.744965,0.0,0.0,
2025-01-10,BNP Paribas,FR0000131104,EPA,EPA,0,0.0,0.0,6663.532485961914,6403.744965,0.0,0.0,
2025-01-11,BNP Paribas,FR0000131104,EPA,EPA,0,0.0,0.0,6663.532485961914,6403.744965,0.0,0.0,
2025-01-12,BNP Paribas,FR0000131104,EPA,EPA,0,0.0,0.0,6663.532485961914,6403.744965,0.0,0.0,
2025-01-13,BNP Paribas,FR0000131104,EPA,EPA,0,0.0,0.0,6618.486862182617,6403.744965,0.0,0.0,
2025-01-14,BNP Paribas,FR0000131104,EPA,EPA,0,0.0,0.0,6602.941207885742,6403.744965,0.0,0.0,
2025-01-15,BNP Paribas,FR0000131104,EPA,EPA,30,1865.400055,1862.4000549316406,8556.515350341797,8269.14502,21.765870552166376,-3.0000000683594408,-0.1608234148121884
2025-01-16,BNP Paribas,FR0000131104,EPA,EPA,30,1865.400055,1866.2999725341797,8591.355209350586,8269.14502,21.722998607983897,0.8999175341796217,0.04824260253276457
2025-01-17,BNP Paribas,FR0000131104,EPA,EPA,30,1865.400055,1867.200050354004,8737.453422546387,8269.14502,21.37007157641407,1.7999953540038405,0.09649379762690316
2025-01-18,BNP Paribas,FR0000131104,EPA,EPA,30,1865.400055,1867.200050354004,8737.453422546387,8269.14502,21.37007157641407,1.7999953540038405,0.09649379762690316
2025-01-19,BNP Paribas,FR0000131104,EPA,EPA,30,1865.400055,1867.200050354004,8737.453422546387,8269.14502,21.37007157641407,1.7999953540038405,0.09649379762690316
2025-01-20,BNP Paribas,FR0000131104,EPA,EPA,30,1865.400055,1888.5000228881836,20467.08179473877,19944.06641,9.22701165621783,23.099967888183528,1.2383385443924804
2025-01-21,BNP Paribas,FR0000131104,EPA,EPA,30,1865.400055,1893.3000183105469,20639.252700805664,19944.06641,9.173297336664913,27.89996331054681,1.495655756831572
2025-01-22,BNP Paribas,FR0000131104,EPA,EPA,30,1865.400055,1869.3000411987305,20654.560050964355,19944.06641,9.050301902273892,3.899986198730403,0.209069694636114
2025-01-23,BNP Paribas,FR0000131104,EPA,EPA,30,1865.400055,1901.400032043457,20948.618354797363,19944.06641,9.076493732619003,35.999977043456965,1.929879703121214
2025-01-24,BNP Paribas,FR0000131104,EPA,EPA,30,1865.400055,1908.3000183105469,20736.957244873047,19944.06641,9.202410921603988,42.89996331054681,2.2997728125695165
2025-01-25,BNP Paribas,FR0000131104,EPA,EPA,30,1865.400055,1908.3000183105469,24242.557373046875,23452.666537999998,7.87169434703376,42.89996331054681,2.2997728125695165
2025-01-26,BNP Paribas,FR0000131104,EPA,EPA,30,1865.400055,1908.3000183105469,24242.557373046875,23452.666537999998,7.87169434703376,42.89996331054681,2.2997728125695165
2025-01-27,BNP Paribas,FR0000131104,EPA,EPA,30,1865.400055,1926.9001007080078,23954.43389892578,23452.666537999998,8.044022700926439,61.50004570800775,3.2968823788314805
2025-01-28,BNP Paribas,FR0000131104,EPA,EPA,30,1865.400055,1937.4000549316406,24568.3504486084,24033.166537999998,7.885755533259169,71.99999993164056,3.8597618638775346
2025-01-29,BNP Paribas,FR0000131104,EPA,EPA,30,1865.400055,1940.0999450683594,24945.533237457275,24033.166537999998,7.7773440503375495,74.69989006835931,4.004497044381148
2025-01-30,BNP Paribas,FR0000131104,EPA,EPA,30,1865.400055,1969.8001098632812,25077.168045043945,24033.166537999998,7.854954380514976,104.40005486328118,5.5966576490361035
2025-01-31,BNP Paribas,FR0000131104,EPA,EPA,30,1865.400055,1971.6000366210938,25227.365398406982,24033.166537999998,7.815322787315687,106.19998162109368,5.693147769371846
2025-02-01,BNP Paribas,FR0000131104,EPA,EPA,30,1865.400055,1971.6000366210938,25227.365398406982,24033.166537999998,7.815322787315687,106.19998162109368,5.693147769371846
2025-02-02,BNP Paribas,FR0000131104,EPA,EPA,30,1865.400055,1971.6000366210938,25227.365398406982,24033.166537999998,7.815322787315687,106.19998162109368,5.693147769371846
2025-02-03,BNP Paribas,FR0000131104,EPA,EPA,30,1865.400055,1929.5999908447266,24782.13918685913,24033.166537999998,7.7862527374872785,64.1999358447265,3.4416175593350937
2025-02-04,BNP Paribas,FR0000131104,EPA,EPA,30,1865.400055,2011.5000915527344,24904.28602218628,24033.166537999998,8.076923344683584,146.1000365527343,7.832102082399387
2025-02-05,BNP Paribas,FR0000131104,EPA,EPA,30,1865.400055,1992.0000457763672,24958.340854644775,24033.166537999998,7.981299948492585,126.59999077636712,6.786747455969552
2025-02-06,BNP Paribas,FR0000131104,EPA,EPA,30,1865.400055,2047.800064086914,25693.00811767578,24033.166537999998,7.970262005553597,182.400009086914,9.778063884902908
2025-02-07,BNP Paribas,FR0000131104,EPA,EPA,30,1865.400055,2083.4999084472656,25579.5707321167,24033.166537999998,8.145171513106376,218.09985344726556,11.691854134059493
2025-02-08,BNP Paribas,FR0000131104,EPA,EPA,30,1865.400055,2083.4999084472656,25579.5707321167,24033.166537999998,8.145171513106376,218.09985344726556,11.691854134059493
2025-02-09,BNP Paribas,FR0000131104,EPA,EPA,30,1865.400055,2083.4999084472656,25579.5707321167,24033.166537999998,8.145171513106376,218.09985344726556,11.691854134059493
2025-02-10,BNP Paribas,FR0000131104,EPA,EPA,30,1865.400055,2084.699935913086,25526.985054016113,24033.166537999998,8.166651610058056,219.29988091308587,11.756184970900833
2025-02-11,BNP Paribas,FR0000131104,EPA,EPA,30,1865.400055,2103.899917602539,25873.3504486084,24033.166537999998,8.131532565840144,238.499862602539,12.7854538206572
2025-02-12,BNP Paribas,FR0000131104,EPA,EPA,30,1865.400055,2128.2000732421875,36300.32432556152,34395.270148,5.8627577377967866,262.80001824218743,14.088131794452394
2025-02-13,BNP Paribas,FR0000131104,EPA,EPA,30,1865.400055,2102.999954223633,36869.32024002075,34395.270148,5.70392928465461,237.59989922363275,12.737208760489327
2025-02-14,BNP Paribas,FR0000131104,EPA,EPA,30,1865.400055,2098.4999084472656,37051.28137588501,34395.270148,5.663771482443475,233.09985344726556,12.495971189797437
2025-02-15,BNP Paribas,FR0000131104,EPA,EPA,30,1865.400055,2098.4999084472656,42681.281299591064,40028.270072,4.916675049461019,233.09985344726556,12.495971189797437
2025-02-16,BNP Paribas,FR0000131104,EPA,EPA,30,1865.400055,2098.4999084472656,42681.281299591064,40028.270072,4.916675049461019,233.09985344726556,12.495971189797437
2025-02-17,BNP Paribas,FR0000131104,EPA,EPA,30,1865.400055,2094.9000549316406,43281.691875457764,40028.270072,4.840152877941267,229.49999993164056,12.302990949125952
2025-02-18,BNP Paribas,FR0000131104,EPA,EPA,30,1865.400055,2132.6998901367188,43380.00524520874,40028.270072,4.916320037495321,267.2998351367187,14.329357095291748
2025-02-19,BNP Paribas,FR0000131104,EPA,EPA,30,1865.400055,2109.0000915527344,42633.802337646484,40028.270072,4.946779259447957,243.6000365527343,13.058862944696026
2025-02-20,BNP Paribas,FR0000131104,EPA,EPA,30,1865.400055,2126.100082397461,42462.97472000122,40028.270072,5.006950399534797,260.7000273974609,13.975555897443181
2025-02-21,BNP Paribas,FR0000131104,EPA,EPA,30,1865.400055,2133.600082397461,42744.29636001587,40028.270072,4.991543349847458,268.2000273974609,14.377614425312155
2025-02-22,BNP Paribas,FR0000131104,EPA,EPA,30,1865.400055,2133.600082397461,42744.29636001587,40028.270072,4.991543349847458,268.2000273974609,14.377614425312155
2025-02-23,BNP Paribas,FR0000131104,EPA,EPA,30,1865.400055,2133.600082397461,42744.29636001587,40028.270072,4.991543349847458,268.2000273974609,14.377614425312155
2025-02-24,BNP Paribas,FR0000131104,EPA,EPA,30,1865.400055,2132.4000549316406,42167.77280807495,40028.270072,5.0569425723221855,266.99999993164056,14.313283588470815
2025-02-25,BNP Paribas,FR0000131104,EPA,EPA,30,1865.400055,2163.300018310547,50195.836334228516,48204.269889,4.3097200411329615,297.8999633105468,15.969762760114575
2025-02-26,BNP Paribas,FR0000131104,EPA,EPA,30,1865.400055,2181.6000366210938,51523.90069961548,48204.269889,4.234151543261116,316.1999816210937,16.95078654970307
2025-02-27,BNP Paribas,FR0000131104,EPA,EPA,30,1865.400055,2178.300018310547,50686.499938964844,48204.269889,4.297594075214485,312.8999633105468,16.773879815852517
2025-02-28,BNP Paribas,FR0000131104,EPA,EPA,30,1865.400055,2185.800018310547,51078.348903656006,48204.269889,4.2793082885928895,320.3999633105468,17.17593834372149
2025-03-01,BNP Paribas,FR0000131104,EPA,EPA,30,1865.400055,2185.800018310547,85008.34768295288,82139.27866899999,2.5712769132541036,320.3999633105468,17.17593834372149
2025-03-02,BNP Paribas,FR0000131104,EPA,EPA,30,1865.400055,2185.800018310547,85008.34768295288,82139.27866899999,2.5712769132541036,320.3999633105468,17.17593834372149
2025-03-03,BNP Paribas,FR0000131104,EPA,EPA,30,1865.400055,2220.599899291992,86471.99890136719,82139.27866899999,2.5679988059775067,355.1998442919921,19.041483532710206
2025-03-04,BNP Paribas,FR0000131104,EPA,EPA,30,1865.400055,2150.7000732421875,82562.44066238403,82139.27866899999,2.604937615685167,285.30001824218743,15.29430737805931
2025-03-05,BNP Paribas,FR0000131104,EPA,EPA,30,1865.400055,2239.8001098632812,85745.30204772949,82139.27866899999,2.6121549010539526,374.4000548632812,20.070764652319106
2025-03-06,BNP Paribas,FR0000131104,EPA,EPA,30,1865.400055,2315.0999450683594,86994.65003967285,82139.27866899999,2.6611980667921373,449.6998900683593,24.107423437829762
2025-03-07,BNP Paribas,FR0000131104,EPA,EPA,30,1865.400055,2297.0999908447266,85299.55060958862,82139.27866899999,2.692980179178701,431.6999358447265,23.142485424914735
2025-03-08,BNP Paribas,FR0000131104,EPA,EPA,30,1865.400055,2297.0999908447266,85299.55060958862,82139.27866899999,2.692980179178701,431.6999358447265,23.142485424914735
2025-03-09,BNP Paribas,FR0000131104,EPA,EPA,30,1865.400055,2297.0999908447266,85299.55060958862,82139.27866899999,2.692980179178701,431.6999358447265,23.142485424914735
2025-03-10,BNP Paribas,FR0000131104,EPA,EPA,30,1865.400055,2233.2000732421875,82330.8490562439,82139.27866899999,2.712470597402182,367.80001824218743,19.716951184618008
2025-03-11,BNP Paribas,FR0000131104,EPA,EPA,30,1865.400055,2188.7999725341797,81149.79913711548,82139.27866899999,2.6972339991080623,323.3999175341796,17.336759300898574
2025-03-12,BNP Paribas,FR0000131104,EPA,EPA,30,1865.400055,2210.7000732421875,82603.50116729736,82139.27866899999,2.6762789010175774,345.30001824218743,18.51077560101109
2025-03-13,BNP Paribas,FR0000131104,EPA,EPA,30,1865.400055,2206.5000915527344,82118.90142440796,82139.27866899999,2.686957634940916,341.1000365527343,18.285623806992668
2025-03-14,BNP Paribas,FR0000131104,EPA,EPA,30,1865.400055,2271.6000366210938,83803.35090637207,82139.27866899999,2.7106315106170418,406.1999816210937,21.775488884130738
2025-03-15,BNP Paribas,FR0000131104,EPA,EPA,30,1865.400055,2271.6000366210938,83803.35090637207,82139.27866899999,2.7106315106170418,406.1999816210937,21.775488884130738
2025-03-16,BNP Paribas,FR0000131104,EPA,EPA,30,1865.400055,2271.6000366210938,83803.35090637207,82139.27866899999,2.7106315106170418,406.1999816210937,21.775488884130738
2025-03-17,BNP Paribas,FR0000131104,EPA,EPA,30,1865.400055,2337.3001098632812,84476.10006332397,82139.27866899999,2.7668181984149625,471.9000548632812,25.29752551461575
2025-03-18,BNP Paribas,FR0000131104,EPA,EPA,30,1865.400055,2406.2999725341797,85554.75082397461,82139.27866899999,2.8125848644981075,540.8999175341796,28.996456609098768
2025-03-19,BNP Paribas,FR0000131104,EPA,EPA,30,1865.400055,2425.800018310547,86017.64862060547,82139.27866899999,2.82011896071459,560.3999633105468,30.041811235528606
2025-03-20,BNP Paribas,FR0000131104,EPA,EPA,30,1865.400055,2371.5000915527344,85536.64892196655,82139.27866899999,2.7724959084102165,506.1000365527343,27.13091142011006
2025-03-21,BNP Paribas,FR0000131104,EPA,EPA,30,1865.400055,2391.6000366210938,84257.70147323608,82139.27866899999,2.8384349380581786,526.1999816210937,28.20842533003429
2025-03-22,BNP Paribas,FR0000131104,EPA,EPA,30,1865.400055,2391.6000366210938,84257.70147323608,82139.27866899999,2.8384349380581786,526.1999816210937,28.20842533003429
